/* font_spleen8x16.c — GENERATED. Do not edit; see lib/font_spleen8x16_gen.py.
 *
 * Spleen 8x16, 969 glyphs, plus 9 drawn for fable-os (see the generator).
 *
 *   Spleen 2.1.0, Copyright (c) 2018-2024, Frederic Cambus
 *   SPDX-License-Identifier: BSD-2-Clause
 *   https://github.com/fcambus/spleen
 *
 * Layout: 16 bytes per glyph, one byte per scanline top to bottom, bit 7 =
 * leftmost pixel. Glyph 0 is U+FFFD so that a lookup which somehow escapes its
 * bounds still draws a visible "unmapped" box.
 */

#include "font.h"

static const uint8_t spleen_bits[] = {
    /*    0 U+FFFD REPLACEMENT CHARACTER (fable-os) */
    0x00, 0x00, 0x7E, 0x42, 0x5A, 0x46, 0x4C, 0x4C, 0x40, 0x4C, 0x42, 0x7E, 0x00, 0x00, 0x00, 0x00,
    /*    1 U+0020 SPACE */
    0x00, 0x00, 0x00, 0x00, 0x00, 0x00, 0x00, 0x00, 0x00, 0x00, 0x00, 0x00, 0x00, 0x00, 0x00, 0x00,
    /*    2 U+0021 EXCLAMATION MARK */
    0x00, 0x00, 0x18, 0x18, 0x18, 0x18, 0x18, 0x18, 0x18, 0x00, 0x18, 0x18, 0x00, 0x00, 0x00, 0x00,
    /*    3 U+0022 QUOTATION MARK */
    0x00, 0x66, 0x66, 0x66, 0x66, 0x00, 0x00, 0x00, 0x00, 0x00, 0x00, 0x00, 0x00, 0x00, 0x00, 0x00,
    /*    4 U+0023 NUMBER SIGN */
    0x00, 0x00, 0x6C, 0x6C, 0xFE, 0x6C, 0x6C, 0x6C, 0x6C, 0xFE, 0x6C, 0x6C, 0x00, 0x00, 0x00, 0x00,
    /*    5 U+0024 DOLLAR SIGN */
    0x00, 0x10, 0x7E, 0xD0, 0xD0, 0xD0, 0x7C, 0x16, 0x16, 0x16, 0x16, 0xFC, 0x10, 0x00, 0x00, 0x00,
    /*    6 U+0025 PERCENT SIGN */
    0x00, 0x00, 0x06, 0x66, 0x6C, 0x0C, 0x18, 0x18, 0x30, 0x36, 0x66, 0x60, 0x00, 0x00, 0x00, 0x00,
    /*    7 U+0026 AMPERSAND */
    0x00, 0x00, 0x38, 0x6C, 0x6C, 0x6C, 0x38, 0x70, 0xDA, 0xCC, 0xCC, 0x7A, 0x00, 0x00, 0x00, 0x00,
    /*    8 U+0027 APOSTROPHE */
    0x00, 0x18, 0x18, 0x18, 0x18, 0x00, 0x00, 0x00, 0x00, 0x00, 0x00, 0x00, 0x00, 0x00, 0x00, 0x00,
    /*    9 U+0028 LEFT PARENTHESIS */
    0x00, 0x0E, 0x18, 0x30, 0x30, 0x60, 0x60, 0x60, 0x60, 0x30, 0x30, 0x18, 0x0E, 0x00, 0x00, 0x00,
    /*   10 U+0029 RIGHT PARENTHESIS */
    0x00, 0x70, 0x18, 0x0C, 0x0C, 0x06, 0x06, 0x06, 0x06, 0x0C, 0x0C, 0x18, 0x70, 0x00, 0x00, 0x00,
    /*   11 U+002A ASTERISK */
    0x00, 0x00, 0x00, 0x00, 0x66, 0x3C, 0x18, 0xFF, 0x18, 0x3C, 0x66, 0x00, 0x00, 0x00, 0x00, 0x00,
    /*   12 U+002B PLUS SIGN */
    0x00, 0x00, 0x00, 0x00, 0x00, 0x18, 0x18, 0x7E, 0x18, 0x18, 0x00, 0x00, 0x00, 0x00, 0x00, 0x00,
    /*   13 U+002C COMMA */
    0x00, 0x00, 0x00, 0x00, 0x00, 0x00, 0x00, 0x00, 0x00, 0x00, 0x18, 0x18, 0x30, 0x00, 0x00, 0x00,
    /*   14 U+002D HYPHEN-MINUS */
    0x00, 0x00, 0x00, 0x00, 0x00, 0x00, 0x00, 0x7E, 0x00, 0x00, 0x00, 0x00, 0x00, 0x00, 0x00, 0x00,
    /*   15 U+002E FULL STOP */
    0x00, 0x00, 0x00, 0x00, 0x00, 0x00, 0x00, 0x00, 0x00, 0x00, 0x18, 0x18, 0x00, 0x00, 0x00, 0x00,
    /*   16 U+002F SOLIDUS */
    0x00, 0x06, 0x06, 0x0C, 0x0C, 0x18, 0x18, 0x30, 0x30, 0x60, 0x60, 0xC0, 0xC0, 0x00, 0x00, 0x00,
    /*   17 U+0030 DIGIT ZERO */
    0x00, 0x00, 0x7C, 0xC6, 0xC6, 0xCE, 0xDE, 0xF6, 0xE6, 0xC6, 0xC6, 0x7C, 0x00, 0x00, 0x00, 0x00,
    /*   18 U+0031 DIGIT ONE */
    0x00, 0x00, 0x18, 0x38, 0x78, 0x58, 0x18, 0x18, 0x18, 0x18, 0x18, 0x7E, 0x00, 0x00, 0x00, 0x00,
    /*   19 U+0032 DIGIT TWO */
    0x00, 0x00, 0x7C, 0xC6, 0x06, 0x06, 0x0C, 0x18, 0x30, 0x60, 0xC6, 0xFE, 0x00, 0x00, 0x00, 0x00,
    /*   20 U+0033 DIGIT THREE */
    0x00, 0x00, 0x7C, 0xC6, 0x06, 0x06, 0x3C, 0x06, 0x06, 0x06, 0xC6, 0x7C, 0x00, 0x00, 0x00, 0x00,
    /*   21 U+0034 DIGIT FOUR */
    0x00, 0x00, 0xC0, 0xC0, 0xCC, 0xCC, 0xCC, 0xCC, 0xFE, 0x0C, 0x0C, 0x0C, 0x00, 0x00, 0x00, 0x00,
    /*   22 U+0035 DIGIT FIVE */
    0x00, 0x00, 0xFE, 0xC6, 0xC0, 0xC0, 0xFC, 0x06, 0x06, 0x06, 0xC6, 0x7C, 0x00, 0x00, 0x00, 0x00,
    /*   23 U+0036 DIGIT SIX */
    0x00, 0x00, 0x7C, 0xC6, 0xC0, 0xC0, 0xFC, 0xC6, 0xC6, 0xC6, 0xC6, 0x7C, 0x00, 0x00, 0x00, 0x00,
    /*   24 U+0037 DIGIT SEVEN */
    0x00, 0x00, 0xFE, 0xC6, 0x06, 0x06, 0x0C, 0x18, 0x30, 0x30, 0x30, 0x30, 0x00, 0x00, 0x00, 0x00,
    /*   25 U+0038 DIGIT EIGHT */
    0x00, 0x00, 0x7C, 0xC6, 0xC6, 0xC6, 0x7C, 0xC6, 0xC6, 0xC6, 0xC6, 0x7C, 0x00, 0x00, 0x00, 0x00,
    /*   26 U+0039 DIGIT NINE */
    0x00, 0x00, 0x7C, 0xC6, 0xC6, 0xC6, 0xC6, 0x7E, 0x06, 0x06, 0xC6, 0x7C, 0x00, 0x00, 0x00, 0x00,
    /*   27 U+003A COLON */
    0x00, 0x00, 0x00, 0x00, 0x00, 0x18, 0x18, 0x00, 0x00, 0x00, 0x18, 0x18, 0x00, 0x00, 0x00, 0x00,
    /*   28 U+003B SEMICOLON */
    0x00, 0x00, 0x00, 0x00, 0x00, 0x18, 0x18, 0x00, 0x00, 0x00, 0x18, 0x18, 0x30, 0x00, 0x00, 0x00,
    /*   29 U+003C LESS-THAN SIGN */
    0x00, 0x00, 0x06, 0x0C, 0x18, 0x30, 0x60, 0x60, 0x30, 0x18, 0x0C, 0x06, 0x00, 0x00, 0x00, 0x00,
    /*   30 U+003D EQUALS SIGN */
    0x00, 0x00, 0x00, 0x00, 0x00, 0x7E, 0x00, 0x00, 0x7E, 0x00, 0x00, 0x00, 0x00, 0x00, 0x00, 0x00,
    /*   31 U+003E GREATER-THAN SIGN */
    0x00, 0x00, 0x60, 0x30, 0x18, 0x0C, 0x06, 0x06, 0x0C, 0x18, 0x30, 0x60, 0x00, 0x00, 0x00, 0x00,
    /*   32 U+003F QUESTION MARK */
    0x00, 0x00, 0x7C, 0xC6, 0x06, 0x0C, 0x18, 0x30, 0x30, 0x00, 0x30, 0x30, 0x00, 0x00, 0x00, 0x00,
    /*   33 U+0040 COMMERCIAL AT */
    0x00, 0x00, 0x00, 0x7C, 0xC2, 0xDA, 0xDA, 0xDA, 0xDA, 0xDE, 0xC0, 0x7C, 0x00, 0x00, 0x00, 0x00,
    /*   34 U+0041 LATIN CAPITAL LETTER A */
    0x00, 0x00, 0x7C, 0xC6, 0xC6, 0xC6, 0xFE, 0xC6, 0xC6, 0xC6, 0xC6, 0xC6, 0x00, 0x00, 0x00, 0x00,
    /*   35 U+0042 LATIN CAPITAL LETTER B */
    0x00, 0x00, 0xFC, 0xC6, 0xC6, 0xC6, 0xFC, 0xC6, 0xC6, 0xC6, 0xC6, 0xFC, 0x00, 0x00, 0x00, 0x00,
    /*   36 U+0043 LATIN CAPITAL LETTER C */
    0x00, 0x00, 0x7E, 0xC0, 0xC0, 0xC0, 0xC0, 0xC0, 0xC0, 0xC0, 0xC0, 0x7E, 0x00, 0x00, 0x00, 0x00,
    /*   37 U+0044 LATIN CAPITAL LETTER D */
    0x00, 0x00, 0xFC, 0xC6, 0xC6, 0xC6, 0xC6, 0xC6, 0xC6, 0xC6, 0xC6, 0xFC, 0x00, 0x00, 0x00, 0x00,
    /*   38 U+0045 LATIN CAPITAL LETTER E */
    0x00, 0x00, 0x7E, 0xC0, 0xC0, 0xC0, 0xF8, 0xC0, 0xC0, 0xC0, 0xC0, 0x7E, 0x00, 0x00, 0x00, 0x00,
    /*   39 U+0046 LATIN CAPITAL LETTER F */
    0x00, 0x00, 0x7E, 0xC0, 0xC0, 0xC0, 0xF8, 0xC0, 0xC0, 0xC0, 0xC0, 0xC0, 0x00, 0x00, 0x00, 0x00,
    /*   40 U+0047 LATIN CAPITAL LETTER G */
    0x00, 0x00, 0x7E, 0xC0, 0xC0, 0xC0, 0xDE, 0xC6, 0xC6, 0xC6, 0xC6, 0x7E, 0x00, 0x00, 0x00, 0x00,
    /*   41 U+0048 LATIN CAPITAL LETTER H */
    0x00, 0x00, 0xC6, 0xC6, 0xC6, 0xC6, 0xFE, 0xC6, 0xC6, 0xC6, 0xC6, 0xC6, 0x00, 0x00, 0x00, 0x00,
    /*   42 U+0049 LATIN CAPITAL LETTER I */
    0x00, 0x00, 0x7E, 0x18, 0x18, 0x18, 0x18, 0x18, 0x18, 0x18, 0x18, 0x7E, 0x00, 0x00, 0x00, 0x00,
    /*   43 U+004A LATIN CAPITAL LETTER J */
    0x00, 0x00, 0x7E, 0x18, 0x18, 0x18, 0x18, 0x18, 0x18, 0x18, 0x18, 0xF0, 0x00, 0x00, 0x00, 0x00,
    /*   44 U+004B LATIN CAPITAL LETTER K */
    0x00, 0x00, 0xC6, 0xC6, 0xC6, 0xCC, 0xF8, 0xCC, 0xC6, 0xC6, 0xC6, 0xC6, 0x00, 0x00, 0x00, 0x00,
    /*   45 U+004C LATIN CAPITAL LETTER L */
    0x00, 0x00, 0xC0, 0xC0, 0xC0, 0xC0, 0xC0, 0xC0, 0xC0, 0xC0, 0xC0, 0x7E, 0x00, 0x00, 0x00, 0x00,
    /*   46 U+004D LATIN CAPITAL LETTER M */
    0x00, 0x00, 0xC6, 0xEE, 0xFE, 0xD6, 0xC6, 0xC6, 0xC6, 0xC6, 0xC6, 0xC6, 0x00, 0x00, 0x00, 0x00,
    /*   47 U+004E LATIN CAPITAL LETTER N */
    0x00, 0x00, 0xC6, 0xC6, 0xE6, 0xE6, 0xD6, 0xD6, 0xCE, 0xCE, 0xC6, 0xC6, 0x00, 0x00, 0x00, 0x00,
    /*   48 U+004F LATIN CAPITAL LETTER O */
    0x00, 0x00, 0x7C, 0xC6, 0xC6, 0xC6, 0xC6, 0xC6, 0xC6, 0xC6, 0xC6, 0x7C, 0x00, 0x00, 0x00, 0x00,
    /*   49 U+0050 LATIN CAPITAL LETTER P */
    0x00, 0x00, 0xFC, 0xC6, 0xC6, 0xC6, 0xFC, 0xC0, 0xC0, 0xC0, 0xC0, 0xC0, 0x00, 0x00, 0x00, 0x00,
    /*   50 U+0051 LATIN CAPITAL LETTER Q */
    0x00, 0x00, 0x7C, 0xC6, 0xC6, 0xC6, 0xC6, 0xC6, 0xC6, 0xD6, 0xD6, 0x7C, 0x18, 0x0C, 0x00, 0x00,
    /*   51 U+0052 LATIN CAPITAL LETTER R */
    0x00, 0x00, 0xFC, 0xC6, 0xC6, 0xC6, 0xFC, 0xC6, 0xC6, 0xC6, 0xC6, 0xC6, 0x00, 0x00, 0x00, 0x00,
    /*   52 U+0053 LATIN CAPITAL LETTER S */
    0x00, 0x00, 0x7E, 0xC0, 0xC0, 0xC0, 0x7C, 0x06, 0x06, 0x06, 0x06, 0xFC, 0x00, 0x00, 0x00, 0x00,
    /*   53 U+0054 LATIN CAPITAL LETTER T */
    0x00, 0x00, 0xFF, 0x18, 0x18, 0x18, 0x18, 0x18, 0x18, 0x18, 0x18, 0x18, 0x00, 0x00, 0x00, 0x00,
    /*   54 U+0055 LATIN CAPITAL LETTER U */
    0x00, 0x00, 0xC6, 0xC6, 0xC6, 0xC6, 0xC6, 0xC6, 0xC6, 0xC6, 0xC6, 0x7E, 0x00, 0x00, 0x00, 0x00,
    /*   55 U+0056 LATIN CAPITAL LETTER V */
    0x00, 0x00, 0xC6, 0xC6, 0xC6, 0xC6, 0xC6, 0xC6, 0xC6, 0x6C, 0x38, 0x10, 0x00, 0x00, 0x00, 0x00,
    /*   56 U+0057 LATIN CAPITAL LETTER W */
    0x00, 0x00, 0xC6, 0xC6, 0xC6, 0xC6, 0xC6, 0xC6, 0xD6, 0xFE, 0xEE, 0xC6, 0x00, 0x00, 0x00, 0x00,
    /*   57 U+0058 LATIN CAPITAL LETTER X */
    0x00, 0x00, 0xC6, 0xC6, 0xC6, 0x6C, 0x38, 0x6C, 0xC6, 0xC6, 0xC6, 0xC6, 0x00, 0x00, 0x00, 0x00,
    /*   58 U+0059 LATIN CAPITAL LETTER Y */
    0x00, 0x00, 0xC6, 0xC6, 0xC6, 0xC6, 0x7E, 0x06, 0x06, 0x06, 0x06, 0xFC, 0x00, 0x00, 0x00, 0x00,
    /*   59 U+005A LATIN CAPITAL LETTER Z */
    0x00, 0x00, 0xFE, 0x06, 0x06, 0x0C, 0x18, 0x30, 0x60, 0xC0, 0xC0, 0xFE, 0x00, 0x00, 0x00, 0x00,
    /*   60 U+005B LEFT SQUARE BRACKET */
    0x00, 0x3E, 0x30, 0x30, 0x30, 0x30, 0x30, 0x30, 0x30, 0x30, 0x30, 0x30, 0x3E, 0x00, 0x00, 0x00,
    /*   61 U+005C REVERSE SOLIDUS */
    0x00, 0xC0, 0xC0, 0x60, 0x60, 0x30, 0x30, 0x18, 0x18, 0x0C, 0x0C, 0x06, 0x06, 0x00, 0x00, 0x00,
    /*   62 U+005D RIGHT SQUARE BRACKET */
    0x00, 0x7C, 0x0C, 0x0C, 0x0C, 0x0C, 0x0C, 0x0C, 0x0C, 0x0C, 0x0C, 0x0C, 0x7C, 0x00, 0x00, 0x00,
    /*   63 U+005E CIRCUMFLEX ACCENT */
    0x00, 0x10, 0x38, 0x6C, 0xC6, 0x00, 0x00, 0x00, 0x00, 0x00, 0x00, 0x00, 0x00, 0x00, 0x00, 0x00,
    /*   64 U+005F LOW LINE */
    0x00, 0x00, 0x00, 0x00, 0x00, 0x00, 0x00, 0x00, 0x00, 0x00, 0x00, 0x00, 0x00, 0x00, 0xFE, 0x00,
    /*   65 U+0060 GRAVE ACCENT */
    0x00, 0x30, 0x18, 0x0C, 0x00, 0x00, 0x00, 0x00, 0x00, 0x00, 0x00, 0x00, 0x00, 0x00, 0x00, 0x00,
    /*   66 U+0061 LATIN SMALL LETTER A */
    0x00, 0x00, 0x00, 0x00, 0x00, 0x7C, 0x06, 0x7E, 0xC6, 0xC6, 0xC6, 0x7E, 0x00, 0x00, 0x00, 0x00,
    /*   67 U+0062 LATIN SMALL LETTER B */
    0x00, 0x00, 0xC0, 0xC0, 0xC0, 0xFC, 0xC6, 0xC6, 0xC6, 0xC6, 0xC6, 0xFC, 0x00, 0x00, 0x00, 0x00,
    /*   68 U+0063 LATIN SMALL LETTER C */
    0x00, 0x00, 0x00, 0x00, 0x00, 0x7E, 0xC0, 0xC0, 0xC0, 0xC0, 0xC0, 0x7E, 0x00, 0x00, 0x00, 0x00,
    /*   69 U+0064 LATIN SMALL LETTER D */
    0x00, 0x00, 0x06, 0x06, 0x06, 0x7E, 0xC6, 0xC6, 0xC6, 0xC6, 0xC6, 0x7E, 0x00, 0x00, 0x00, 0x00,
    /*   70 U+0065 LATIN SMALL LETTER E */
    0x00, 0x00, 0x00, 0x00, 0x00, 0x7E, 0xC6, 0xC6, 0xFE, 0xC0, 0xC0, 0x7E, 0x00, 0x00, 0x00, 0x00,
    /*   71 U+0066 LATIN SMALL LETTER F */
    0x00, 0x00, 0x1E, 0x30, 0x30, 0x30, 0x7C, 0x30, 0x30, 0x30, 0x30, 0x30, 0x00, 0x00, 0x00, 0x00,
    /*   72 U+0067 LATIN SMALL LETTER G */
    0x00, 0x00, 0x00, 0x00, 0x00, 0x7E, 0xC6, 0xC6, 0xC6, 0xC6, 0xC6, 0x7C, 0x06, 0x06, 0xFC, 0x00,
    /*   73 U+0068 LATIN SMALL LETTER H */
    0x00, 0x00, 0xC0, 0xC0, 0xC0, 0xFC, 0xC6, 0xC6, 0xC6, 0xC6, 0xC6, 0xC6, 0x00, 0x00, 0x00, 0x00,
    /*   74 U+0069 LATIN SMALL LETTER I */
    0x00, 0x00, 0x18, 0x18, 0x00, 0x38, 0x18, 0x18, 0x18, 0x18, 0x18, 0x1C, 0x00, 0x00, 0x00, 0x00,
    /*   75 U+006A LATIN SMALL LETTER J */
    0x00, 0x00, 0x18, 0x18, 0x00, 0x18, 0x18, 0x18, 0x18, 0x18, 0x18, 0x18, 0x18, 0x18, 0x70, 0x00,
    /*   76 U+006B LATIN SMALL LETTER K */
    0x00, 0x00, 0xC0, 0xC0, 0xC0, 0xCC, 0xD8, 0xF0, 0xF0, 0xD8, 0xCC, 0xC6, 0x00, 0x00, 0x00, 0x00,
    /*   77 U+006C LATIN SMALL LETTER L */
    0x00, 0x00, 0x30, 0x30, 0x30, 0x30, 0x30, 0x30, 0x30, 0x30, 0x30, 0x1C, 0x00, 0x00, 0x00, 0x00,
    /*   78 U+006D LATIN SMALL LETTER M */
    0x00, 0x00, 0x00, 0x00, 0x00, 0xEC, 0xD6, 0xD6, 0xD6, 0xD6, 0xC6, 0xC6, 0x00, 0x00, 0x00, 0x00,
    /*   79 U+006E LATIN SMALL LETTER N */
    0x00, 0x00, 0x00, 0x00, 0x00, 0xFC, 0xC6, 0xC6, 0xC6, 0xC6, 0xC6, 0xC6, 0x00, 0x00, 0x00, 0x00,
    /*   80 U+006F LATIN SMALL LETTER O */
    0x00, 0x00, 0x00, 0x00, 0x00, 0x7C, 0xC6, 0xC6, 0xC6, 0xC6, 0xC6, 0x7C, 0x00, 0x00, 0x00, 0x00,
    /*   81 U+0070 LATIN SMALL LETTER P */
    0x00, 0x00, 0x00, 0x00, 0x00, 0xFC, 0xC6, 0xC6, 0xC6, 0xC6, 0xC6, 0xFC, 0xC0, 0xC0, 0xC0, 0x00,
    /*   82 U+0071 LATIN SMALL LETTER Q */
    0x00, 0x00, 0x00, 0x00, 0x00, 0x7E, 0xC6, 0xC6, 0xC6, 0xC6, 0xC6, 0x7E, 0x06, 0x06, 0x06, 0x00,
    /*   83 U+0072 LATIN SMALL LETTER R */
    0x00, 0x00, 0x00, 0x00, 0x00, 0x7E, 0xC6, 0xC0, 0xC0, 0xC0, 0xC0, 0xC0, 0x00, 0x00, 0x00, 0x00,
    /*   84 U+0073 LATIN SMALL LETTER S */
    0x00, 0x00, 0x00, 0x00, 0x00, 0x7E, 0xC0, 0xC0, 0x7C, 0x06, 0x06, 0xFC, 0x00, 0x00, 0x00, 0x00,
    /*   85 U+0074 LATIN SMALL LETTER T */
    0x00, 0x00, 0x30, 0x30, 0x30, 0x7C, 0x30, 0x30, 0x30, 0x30, 0x30, 0x1E, 0x00, 0x00, 0x00, 0x00,
    /*   86 U+0075 LATIN SMALL LETTER U */
    0x00, 0x00, 0x00, 0x00, 0x00, 0xC6, 0xC6, 0xC6, 0xC6, 0xC6, 0xC6, 0x7E, 0x00, 0x00, 0x00, 0x00,
    /*   87 U+0076 LATIN SMALL LETTER V */
    0x00, 0x00, 0x00, 0x00, 0x00, 0xC6, 0xC6, 0xC6, 0xC6, 0x6C, 0x38, 0x10, 0x00, 0x00, 0x00, 0x00,
    /*   88 U+0077 LATIN SMALL LETTER W */
    0x00, 0x00, 0x00, 0x00, 0x00, 0xC6, 0xC6, 0xD6, 0xD6, 0xD6, 0xD6, 0x6E, 0x00, 0x00, 0x00, 0x00,
    /*   89 U+0078 LATIN SMALL LETTER X */
    0x00, 0x00, 0x00, 0x00, 0x00, 0xC6, 0x6C, 0x38, 0x38, 0x6C, 0xC6, 0xC6, 0x00, 0x00, 0x00, 0x00,
    /*   90 U+0079 LATIN SMALL LETTER Y */
    0x00, 0x00, 0x00, 0x00, 0x00, 0xC6, 0xC6, 0xC6, 0xC6, 0xC6, 0xC6, 0x7E, 0x06, 0x06, 0xFC, 0x00,
    /*   91 U+007A LATIN SMALL LETTER Z */
    0x00, 0x00, 0x00, 0x00, 0x00, 0xFE, 0x06, 0x0C, 0x18, 0x30, 0x60, 0xFE, 0x00, 0x00, 0x00, 0x00,
    /*   92 U+007B LEFT CURLY BRACKET */
    0x00, 0x0E, 0x18, 0x18, 0x18, 0x18, 0x70, 0x70, 0x18, 0x18, 0x18, 0x18, 0x0E, 0x00, 0x00, 0x00,
    /*   93 U+007C VERTICAL LINE */
    0x00, 0x18, 0x18, 0x18, 0x18, 0x18, 0x18, 0x18, 0x18, 0x18, 0x18, 0x18, 0x18, 0x00, 0x00, 0x00,
    /*   94 U+007D RIGHT CURLY BRACKET */
    0x00, 0x70, 0x18, 0x18, 0x18, 0x18, 0x0E, 0x0E, 0x18, 0x18, 0x18, 0x18, 0x70, 0x00, 0x00, 0x00,
    /*   95 U+007E TILDE */
    0x00, 0x00, 0x00, 0x00, 0x00, 0x00, 0x32, 0x7E, 0x4C, 0x00, 0x00, 0x00, 0x00, 0x00, 0x00, 0x00,
    /*   96 U+007F <control> */
    0x00, 0x00, 0x00, 0x00, 0x00, 0x00, 0x00, 0x00, 0x00, 0x00, 0x00, 0x00, 0x00, 0x00, 0x00, 0x00,
    /*   97 U+00A0 NO-BREAK SPACE */
    0x00, 0x00, 0x00, 0x00, 0x00, 0x00, 0x00, 0x00, 0x00, 0x00, 0x00, 0x00, 0x00, 0x00, 0x00, 0x00,
    /*   98 U+00A1 INVERTED EXCLAMATION MARK */
    0x00, 0x00, 0x18, 0x18, 0x00, 0x18, 0x18, 0x18, 0x18, 0x18, 0x18, 0x18, 0x00, 0x00, 0x00, 0x00,
    /*   99 U+00A2 CENT SIGN */
    0x00, 0x00, 0x00, 0x00, 0x08, 0x7E, 0xC8, 0xC8, 0xC8, 0xC8, 0xC8, 0x7E, 0x08, 0x00, 0x00, 0x00,
    /*  100 U+00A3 POUND SIGN */
    0x00, 0x00, 0x38, 0x6C, 0x60, 0x60, 0x60, 0xF8, 0x60, 0x60, 0xC0, 0xFE, 0x00, 0x00, 0x00, 0x00,
    /*  101 U+00A4 CURRENCY SIGN */
    0x00, 0x00, 0x00, 0x00, 0x00, 0x66, 0x3C, 0x66, 0x66, 0x66, 0x3C, 0x66, 0x00, 0x00, 0x00, 0x00,
    /*  102 U+00A5 YEN SIGN */
    0x00, 0x00, 0xC3, 0xC3, 0x66, 0x3C, 0x18, 0x3C, 0x18, 0x3C, 0x18, 0x18, 0x00, 0x00, 0x00, 0x00,
    /*  103 U+00A6 BROKEN BAR */
    0x00, 0x00, 0x18, 0x18, 0x18, 0x18, 0x18, 0x00, 0x00, 0x18, 0x18, 0x18, 0x18, 0x18, 0x00, 0x00,
    /*  104 U+00A7 SECTION SIGN */
    0x00, 0x3C, 0x66, 0x60, 0x30, 0x3C, 0x66, 0x66, 0x66, 0x66, 0x3C, 0x0C, 0x06, 0x66, 0x3C, 0x00,
    /*  105 U+00A8 DIAERESIS */
    0x00, 0x00, 0x6C, 0x6C, 0x00, 0x00, 0x00, 0x00, 0x00, 0x00, 0x00, 0x00, 0x00, 0x00, 0x00, 0x00,
    /*  106 U+00A9 COPYRIGHT SIGN */
    0x00, 0x00, 0x00, 0x7C, 0x82, 0x9A, 0xA2, 0xA2, 0xA2, 0x9A, 0x82, 0x7C, 0x00, 0x00, 0x00, 0x00,
    /*  107 U+00AA FEMININE ORDINAL INDICATOR */
    0x00, 0x38, 0x0C, 0x3C, 0x4C, 0x3C, 0x00, 0x7C, 0x00, 0x00, 0x00, 0x00, 0x00, 0x00, 0x00, 0x00,
    /*  108 U+00AB LEFT-POINTING DOUBLE ANGLE QUOTATION MARK */
    0x00, 0x00, 0x00, 0x00, 0x00, 0x00, 0x33, 0x66, 0xCC, 0x66, 0x33, 0x00, 0x00, 0x00, 0x00, 0x00,
    /*  109 U+00AC NOT SIGN */
    0x00, 0x00, 0x00, 0x00, 0x00, 0x00, 0xFE, 0x06, 0x06, 0x06, 0x00, 0x00, 0x00, 0x00, 0x00, 0x00,
    /*  110 U+00AD SOFT HYPHEN */
    0x00, 0x00, 0x00, 0x00, 0x00, 0x00, 0x00, 0x00, 0x3C, 0x00, 0x00, 0x00, 0x00, 0x00, 0x00, 0x00,
    /*  111 U+00AE REGISTERED SIGN */
    0x00, 0x00, 0x00, 0x7C, 0x82, 0xBA, 0xAA, 0xB2, 0xAA, 0xAA, 0x82, 0x7C, 0x00, 0x00, 0x00, 0x00,
    /*  112 U+00AF MACRON */
    0x00, 0x7C, 0x00, 0x00, 0x00, 0x00, 0x00, 0x00, 0x00, 0x00, 0x00, 0x00, 0x00, 0x00, 0x00, 0x00,
    /*  113 U+00B0 DEGREE SIGN */
    0x00, 0x38, 0x6C, 0x6C, 0x38, 0x00, 0x00, 0x00, 0x00, 0x00, 0x00, 0x00, 0x00, 0x00, 0x00, 0x00,
    /*  114 U+00B1 PLUS-MINUS SIGN */
    0x00, 0x00, 0x00, 0x00, 0x00, 0x18, 0x18, 0x7E, 0x18, 0x18, 0x00, 0x7E, 0x00, 0x00, 0x00, 0x00,
    /*  115 U+00B2 SUPERSCRIPT TWO */
    0x00, 0x38, 0x4C, 0x0C, 0x38, 0x60, 0x7C, 0x00, 0x00, 0x00, 0x00, 0x00, 0x00, 0x00, 0x00, 0x00,
    /*  116 U+00B3 SUPERSCRIPT THREE */
    0x00, 0x1C, 0x26, 0x0C, 0x06, 0x26, 0x1C, 0x00, 0x00, 0x00, 0x00, 0x00, 0x00, 0x00, 0x00, 0x00,
    /*  117 U+00B4 ACUTE ACCENT */
    0x00, 0x0C, 0x18, 0x30, 0x00, 0x00, 0x00, 0x00, 0x00, 0x00, 0x00, 0x00, 0x00, 0x00, 0x00, 0x00,
    /*  118 U+00B5 MICRO SIGN */
    0x00, 0x00, 0x00, 0x00, 0x00, 0xCC, 0xCC, 0xCC, 0xCC, 0xCC, 0xCC, 0xF6, 0xC0, 0xC0, 0xC0, 0x00,
    /*  119 U+00B6 PILCROW SIGN */
    0x00, 0x00, 0x7E, 0xD6, 0xD6, 0xD6, 0x76, 0x16, 0x16, 0x16, 0x16, 0x16, 0x00, 0x00, 0x00, 0x00,
    /*  120 U+00B7 MIDDLE DOT */
    0x00, 0x00, 0x00, 0x00, 0x00, 0x00, 0x00, 0x18, 0x18, 0x00, 0x00, 0x00, 0x00, 0x00, 0x00, 0x00,
    /*  121 U+00B8 CEDILLA */
    0x00, 0x00, 0x00, 0x00, 0x00, 0x00, 0x00, 0x00, 0x00, 0x00, 0x00, 0x00, 0x18, 0x18, 0x30, 0x00,
    /*  122 U+00B9 SUPERSCRIPT ONE */
    0x00, 0x18, 0x38, 0x18, 0x18, 0x18, 0x3C, 0x00, 0x00, 0x00, 0x00, 0x00, 0x00, 0x00, 0x00, 0x00,
    /*  123 U+00BA MASCULINE ORDINAL INDICATOR */
    0x00, 0x38, 0x6C, 0x6C, 0x38, 0x00, 0x00, 0x7C, 0x00, 0x00, 0x00, 0x00, 0x00, 0x00, 0x00, 0x00,
    /*  124 U+00BB RIGHT-POINTING DOUBLE ANGLE QUOTATION MARK */
    0x00, 0x00, 0x00, 0x00, 0x00, 0x00, 0xCC, 0x66, 0x33, 0x66, 0xCC, 0x00, 0x00, 0x00, 0x00, 0x00,
    /*  125 U+00BC VULGAR FRACTION ONE QUARTER */
    0x00, 0x40, 0xC0, 0x40, 0x42, 0x46, 0xEC, 0x18, 0x30, 0x70, 0xD4, 0x94, 0x1E, 0x04, 0x04, 0x00,
    /*  126 U+00BD VULGAR FRACTION ONE HALF */
    0x00, 0x40, 0xC0, 0x40, 0x42, 0x46, 0xEC, 0x18, 0x30, 0x6C, 0xD2, 0x82, 0x0C, 0x10, 0x1E, 0x00,
    /*  127 U+00BE VULGAR FRACTION THREE QUARTERS */
    0x00, 0x60, 0x90, 0x20, 0x12, 0x96, 0x6C, 0x18, 0x30, 0x70, 0xD4, 0x94, 0x1E, 0x04, 0x04, 0x00,
    /*  128 U+00BF INVERTED QUESTION MARK */
    0x00, 0x00, 0x18, 0x18, 0x00, 0x18, 0x18, 0x30, 0x60, 0xC0, 0xC6, 0x7C, 0x00, 0x00, 0x00, 0x00,
    /*  129 U+00C0 LATIN CAPITAL LETTER A WITH GRAVE */
    0x30, 0x18, 0x00, 0x7C, 0xC6, 0xC6, 0xC6, 0xFE, 0xC6, 0xC6, 0xC6, 0xC6, 0x00, 0x00, 0x00, 0x00,
    /*  130 U+00C1 LATIN CAPITAL LETTER A WITH ACUTE */
    0x18, 0x30, 0x00, 0x7C, 0xC6, 0xC6, 0xC6, 0xFE, 0xC6, 0xC6, 0xC6, 0xC6, 0x00, 0x00, 0x00, 0x00,
    /*  131 U+00C2 LATIN CAPITAL LETTER A WITH CIRCUMFLEX */
    0x38, 0x6C, 0x00, 0x7C, 0xC6, 0xC6, 0xC6, 0xFE, 0xC6, 0xC6, 0xC6, 0xC6, 0x00, 0x00, 0x00, 0x00,
    /*  132 U+00C3 LATIN CAPITAL LETTER A WITH TILDE */
    0x32, 0x4C, 0x00, 0x7C, 0xC6, 0xC6, 0xC6, 0xFE, 0xC6, 0xC6, 0xC6, 0xC6, 0x00, 0x00, 0x00, 0x00,
    /*  133 U+00C4 LATIN CAPITAL LETTER A WITH DIAERESIS */
    0x6C, 0x6C, 0x00, 0x7C, 0xC6, 0xC6, 0xC6, 0xFE, 0xC6, 0xC6, 0xC6, 0xC6, 0x00, 0x00, 0x00, 0x00,
    /*  134 U+00C5 LATIN CAPITAL LETTER A WITH RING ABOVE */
    0x38, 0x6C, 0x38, 0x7C, 0xC6, 0xC6, 0xC6, 0xFE, 0xC6, 0xC6, 0xC6, 0xC6, 0x00, 0x00, 0x00, 0x00,
    /*  135 U+00C6 LATIN CAPITAL LETTER AE */
    0x00, 0x00, 0x7E, 0xD8, 0xD8, 0xD8, 0xFE, 0xD8, 0xD8, 0xD8, 0xD8, 0xDE, 0x00, 0x00, 0x00, 0x00,
    /*  136 U+00C7 LATIN CAPITAL LETTER C WITH CEDILLA */
    0x00, 0x00, 0x7E, 0xC0, 0xC0, 0xC0, 0xC0, 0xC0, 0xC0, 0xC0, 0xC0, 0x7E, 0x18, 0x18, 0x30, 0x00,
    /*  137 U+00C8 LATIN CAPITAL LETTER E WITH GRAVE */
    0x30, 0x18, 0x00, 0x7E, 0xC0, 0xC0, 0xC0, 0xF8, 0xC0, 0xC0, 0xC0, 0x7E, 0x00, 0x00, 0x00, 0x00,
    /*  138 U+00C9 LATIN CAPITAL LETTER E WITH ACUTE */
    0x18, 0x30, 0x00, 0x7E, 0xC0, 0xC0, 0xC0, 0xF8, 0xC0, 0xC0, 0xC0, 0x7E, 0x00, 0x00, 0x00, 0x00,
    /*  139 U+00CA LATIN CAPITAL LETTER E WITH CIRCUMFLEX */
    0x38, 0x6C, 0x00, 0x7E, 0xC0, 0xC0, 0xC0, 0xF8, 0xC0, 0xC0, 0xC0, 0x7E, 0x00, 0x00, 0x00, 0x00,
    /*  140 U+00CB LATIN CAPITAL LETTER E WITH DIAERESIS */
    0x6C, 0x6C, 0x00, 0x7E, 0xC0, 0xC0, 0xC0, 0xF8, 0xC0, 0xC0, 0xC0, 0x7E, 0x00, 0x00, 0x00, 0x00,
    /*  141 U+00CC LATIN CAPITAL LETTER I WITH GRAVE */
    0x30, 0x18, 0x00, 0x7E, 0x18, 0x18, 0x18, 0x18, 0x18, 0x18, 0x18, 0x7E, 0x00, 0x00, 0x00, 0x00,
    /*  142 U+00CD LATIN CAPITAL LETTER I WITH ACUTE */
    0x0C, 0x18, 0x00, 0x7E, 0x18, 0x18, 0x18, 0x18, 0x18, 0x18, 0x18, 0x7E, 0x00, 0x00, 0x00, 0x00,
    /*  143 U+00CE LATIN CAPITAL LETTER I WITH CIRCUMFLEX */
    0x38, 0x6C, 0x00, 0x7E, 0x18, 0x18, 0x18, 0x18, 0x18, 0x18, 0x18, 0x7E, 0x00, 0x00, 0x00, 0x00,
    /*  144 U+00CF LATIN CAPITAL LETTER I WITH DIAERESIS */
    0x66, 0x66, 0x00, 0x7E, 0x18, 0x18, 0x18, 0x18, 0x18, 0x18, 0x18, 0x7E, 0x00, 0x00, 0x00, 0x00,
    /*  145 U+00D0 LATIN CAPITAL LETTER ETH */
    0x00, 0x00, 0x7C, 0x66, 0x66, 0x66, 0xF6, 0x66, 0x66, 0x66, 0x66, 0x7C, 0x00, 0x00, 0x00, 0x00,
    /*  146 U+00D1 LATIN CAPITAL LETTER N WITH TILDE */
    0x32, 0x4C, 0x00, 0xC6, 0xE6, 0xE6, 0xD6, 0xD6, 0xCE, 0xCE, 0xC6, 0xC6, 0x00, 0x00, 0x00, 0x00,
    /*  147 U+00D2 LATIN CAPITAL LETTER O WITH GRAVE */
    0x30, 0x18, 0x00, 0x7C, 0xC6, 0xC6, 0xC6, 0xC6, 0xC6, 0xC6, 0xC6, 0x7C, 0x00, 0x00, 0x00, 0x00,
    /*  148 U+00D3 LATIN CAPITAL LETTER O WITH ACUTE */
    0x18, 0x30, 0x00, 0x7C, 0xC6, 0xC6, 0xC6, 0xC6, 0xC6, 0xC6, 0xC6, 0x7C, 0x00, 0x00, 0x00, 0x00,
    /*  149 U+00D4 LATIN CAPITAL LETTER O WITH CIRCUMFLEX */
    0x38, 0x6C, 0x00, 0x7C, 0xC6, 0xC6, 0xC6, 0xC6, 0xC6, 0xC6, 0xC6, 0x7C, 0x00, 0x00, 0x00, 0x00,
    /*  150 U+00D5 LATIN CAPITAL LETTER O WITH TILDE */
    0x32, 0x4C, 0x00, 0x7C, 0xC6, 0xC6, 0xC6, 0xC6, 0xC6, 0xC6, 0xC6, 0x7C, 0x00, 0x00, 0x00, 0x00,
    /*  151 U+00D6 LATIN CAPITAL LETTER O WITH DIAERESIS */
    0x6C, 0x6C, 0x00, 0x7C, 0xC6, 0xC6, 0xC6, 0xC6, 0xC6, 0xC6, 0xC6, 0x7C, 0x00, 0x00, 0x00, 0x00,
    /*  152 U+00D7 MULTIPLICATION SIGN */
    0x00, 0x00, 0x00, 0x00, 0x00, 0xC6, 0x6C, 0x38, 0x38, 0x6C, 0xC6, 0x00, 0x00, 0x00, 0x00, 0x00,
    /*  153 U+00D8 LATIN CAPITAL LETTER O WITH STROKE */
    0x00, 0x02, 0x7C, 0xC6, 0xCE, 0xCE, 0xD6, 0xD6, 0xE6, 0xE6, 0xC6, 0x7C, 0x80, 0x00, 0x00, 0x00,
    /*  154 U+00D9 LATIN CAPITAL LETTER U WITH GRAVE */
    0x30, 0x18, 0x00, 0xC6, 0xC6, 0xC6, 0xC6, 0xC6, 0xC6, 0xC6, 0xC6, 0x7E, 0x00, 0x00, 0x00, 0x00,
    /*  155 U+00DA LATIN CAPITAL LETTER U WITH ACUTE */
    0x18, 0x30, 0x00, 0xC6, 0xC6, 0xC6, 0xC6, 0xC6, 0xC6, 0xC6, 0xC6, 0x7E, 0x00, 0x00, 0x00, 0x00,
    /*  156 U+00DB LATIN CAPITAL LETTER U WITH CIRCUMFLEX */
    0x38, 0x6C, 0x00, 0xC6, 0xC6, 0xC6, 0xC6, 0xC6, 0xC6, 0xC6, 0xC6, 0x7E, 0x00, 0x00, 0x00, 0x00,
    /*  157 U+00DC LATIN CAPITAL LETTER U WITH DIAERESIS */
    0x6C, 0x6C, 0x00, 0xC6, 0xC6, 0xC6, 0xC6, 0xC6, 0xC6, 0xC6, 0xC6, 0x7E, 0x00, 0x00, 0x00, 0x00,
    /*  158 U+00DD LATIN CAPITAL LETTER Y WITH ACUTE */
    0x18, 0x30, 0x00, 0xC6, 0xC6, 0xC6, 0xC6, 0x7E, 0x06, 0x06, 0x06, 0xFC, 0x00, 0x00, 0x00, 0x00,
    /*  159 U+00DE LATIN CAPITAL LETTER THORN */
    0x00, 0x00, 0x00, 0xC0, 0xC0, 0xFC, 0xC6, 0xC6, 0xC6, 0xC6, 0xC6, 0xFC, 0xC0, 0xC0, 0x00, 0x00,
    /*  160 U+00DF LATIN SMALL LETTER SHARP S */
    0x00, 0x00, 0x78, 0xCC, 0xCC, 0xCC, 0xD8, 0xCC, 0xC6, 0xC6, 0xD6, 0xDC, 0x00, 0x00, 0x00, 0x00,
    /*  161 U+00E0 LATIN SMALL LETTER A WITH GRAVE */
    0x00, 0x60, 0x30, 0x18, 0x00, 0x7C, 0x06, 0x7E, 0xC6, 0xC6, 0xC6, 0x7E, 0x00, 0x00, 0x00, 0x00,
    /*  162 U+00E1 LATIN SMALL LETTER A WITH ACUTE */
    0x00, 0x0C, 0x18, 0x30, 0x00, 0x7C, 0x06, 0x7E, 0xC6, 0xC6, 0xC6, 0x7E, 0x00, 0x00, 0x00, 0x00,
    /*  163 U+00E2 LATIN SMALL LETTER A WITH CIRCUMFLEX */
    0x00, 0x10, 0x38, 0x6C, 0x00, 0x7C, 0x06, 0x7E, 0xC6, 0xC6, 0xC6, 0x7E, 0x00, 0x00, 0x00, 0x00,
    /*  164 U+00E3 LATIN SMALL LETTER A WITH TILDE */
    0x00, 0x32, 0x7E, 0x4C, 0x00, 0x7C, 0x06, 0x7E, 0xC6, 0xC6, 0xC6, 0x7E, 0x00, 0x00, 0x00, 0x00,
    /*  165 U+00E4 LATIN SMALL LETTER A WITH DIAERESIS */
    0x00, 0x00, 0x6C, 0x6C, 0x00, 0x7C, 0x06, 0x7E, 0xC6, 0xC6, 0xC6, 0x7E, 0x00, 0x00, 0x00, 0x00,
    /*  166 U+00E5 LATIN SMALL LETTER A WITH RING ABOVE */
    0x00, 0x38, 0x6C, 0x38, 0x00, 0x7C, 0x06, 0x7E, 0xC6, 0xC6, 0xC6, 0x7E, 0x00, 0x00, 0x00, 0x00,
    /*  167 U+00E6 LATIN SMALL LETTER AE */
    0x00, 0x00, 0x00, 0x00, 0x00, 0x6E, 0x16, 0x16, 0x7E, 0xD0, 0xD0, 0x6E, 0x00, 0x00, 0x00, 0x00,
    /*  168 U+00E7 LATIN SMALL LETTER C WITH CEDILLA */
    0x00, 0x00, 0x00, 0x00, 0x00, 0x7E, 0xC0, 0xC0, 0xC0, 0xC0, 0xC0, 0x7E, 0x18, 0x18, 0x30, 0x00,
    /*  169 U+00E8 LATIN SMALL LETTER E WITH GRAVE */
    0x00, 0x60, 0x30, 0x18, 0x00, 0x7E, 0xC6, 0xC6, 0xFE, 0xC0, 0xC0, 0x7E, 0x00, 0x00, 0x00, 0x00,
    /*  170 U+00E9 LATIN SMALL LETTER E WITH ACUTE */
    0x00, 0x0C, 0x18, 0x30, 0x00, 0x7E, 0xC6, 0xC6, 0xFE, 0xC0, 0xC0, 0x7E, 0x00, 0x00, 0x00, 0x00,
    /*  171 U+00EA LATIN SMALL LETTER E WITH CIRCUMFLEX */
    0x00, 0x10, 0x38, 0x6C, 0x00, 0x7E, 0xC6, 0xC6, 0xFE, 0xC0, 0xC0, 0x7E, 0x00, 0x00, 0x00, 0x00,
    /*  172 U+00EB LATIN SMALL LETTER E WITH DIAERESIS */
    0x00, 0x00, 0x6C, 0x6C, 0x00, 0x7E, 0xC6, 0xC6, 0xFE, 0xC0, 0xC0, 0x7E, 0x00, 0x00, 0x00, 0x00,
    /*  173 U+00EC LATIN SMALL LETTER I WITH GRAVE */
    0x00, 0x30, 0x18, 0x0C, 0x00, 0x38, 0x18, 0x18, 0x18, 0x18, 0x18, 0x1C, 0x00, 0x00, 0x00, 0x00,
    /*  174 U+00ED LATIN SMALL LETTER I WITH ACUTE */
    0x00, 0x0C, 0x18, 0x30, 0x00, 0x38, 0x18, 0x18, 0x18, 0x18, 0x18, 0x1C, 0x00, 0x00, 0x00, 0x00,
    /*  175 U+00EE LATIN SMALL LETTER I WITH CIRCUMFLEX */
    0x00, 0x18, 0x3C, 0x66, 0x00, 0x38, 0x18, 0x18, 0x18, 0x18, 0x18, 0x1C, 0x00, 0x00, 0x00, 0x00,
    /*  176 U+00EF LATIN SMALL LETTER I WITH DIAERESIS */
    0x00, 0x00, 0x66, 0x66, 0x00, 0x38, 0x18, 0x18, 0x18, 0x18, 0x18, 0x1C, 0x00, 0x00, 0x00, 0x00,
    /*  177 U+00F0 LATIN SMALL LETTER ETH */
    0x00, 0xD8, 0x70, 0xD8, 0x0C, 0x7C, 0xC6, 0xC6, 0xC6, 0xC6, 0xC6, 0x7C, 0x00, 0x00, 0x00, 0x00,
    /*  178 U+00F1 LATIN SMALL LETTER N WITH TILDE */
    0x00, 0x32, 0x7E, 0x4C, 0x00, 0xFC, 0xC6, 0xC6, 0xC6, 0xC6, 0xC6, 0xC6, 0x00, 0x00, 0x00, 0x00,
    /*  179 U+00F2 LATIN SMALL LETTER O WITH GRAVE */
    0x00, 0x60, 0x30, 0x18, 0x00, 0x7C, 0xC6, 0xC6, 0xC6, 0xC6, 0xC6, 0x7C, 0x00, 0x00, 0x00, 0x00,
    /*  180 U+00F3 LATIN SMALL LETTER O WITH ACUTE */
    0x00, 0x0C, 0x18, 0x30, 0x00, 0x7C, 0xC6, 0xC6, 0xC6, 0xC6, 0xC6, 0x7C, 0x00, 0x00, 0x00, 0x00,
    /*  181 U+00F4 LATIN SMALL LETTER O WITH CIRCUMFLEX */
    0x00, 0x10, 0x38, 0x6C, 0x00, 0x7C, 0xC6, 0xC6, 0xC6, 0xC6, 0xC6, 0x7C, 0x00, 0x00, 0x00, 0x00,
    /*  182 U+00F5 LATIN SMALL LETTER O WITH TILDE */
    0x00, 0x32, 0x7E, 0x4C, 0x00, 0x7C, 0xC6, 0xC6, 0xC6, 0xC6, 0xC6, 0x7C, 0x00, 0x00, 0x00, 0x00,
    /*  183 U+00F6 LATIN SMALL LETTER O WITH DIAERESIS */
    0x00, 0x00, 0x6C, 0x6C, 0x00, 0x7C, 0xC6, 0xC6, 0xC6, 0xC6, 0xC6, 0x7C, 0x00, 0x00, 0x00, 0x00,
    /*  184 U+00F7 DIVISION SIGN */
    0x00, 0x00, 0x00, 0x00, 0x18, 0x18, 0x00, 0x7E, 0x00, 0x18, 0x18, 0x00, 0x00, 0x00, 0x00, 0x00,
    /*  185 U+00F8 LATIN SMALL LETTER O WITH STROKE */
    0x00, 0x00, 0x00, 0x00, 0x02, 0x7C, 0xC6, 0xCE, 0xD6, 0xE6, 0xC6, 0x7C, 0x80, 0x00, 0x00, 0x00,
    /*  186 U+00F9 LATIN SMALL LETTER U WITH GRAVE */
    0x00, 0x60, 0x30, 0x18, 0x00, 0xC6, 0xC6, 0xC6, 0xC6, 0xC6, 0xC6, 0x7E, 0x00, 0x00, 0x00, 0x00,
    /*  187 U+00FA LATIN SMALL LETTER U WITH ACUTE */
    0x00, 0x0C, 0x18, 0x30, 0x00, 0xC6, 0xC6, 0xC6, 0xC6, 0xC6, 0xC6, 0x7E, 0x00, 0x00, 0x00, 0x00,
    /*  188 U+00FB LATIN SMALL LETTER U WITH CIRCUMFLEX */
    0x00, 0x10, 0x38, 0x6C, 0x00, 0xC6, 0xC6, 0xC6, 0xC6, 0xC6, 0xC6, 0x7E, 0x00, 0x00, 0x00, 0x00,
    /*  189 U+00FC LATIN SMALL LETTER U WITH DIAERESIS */
    0x00, 0x00, 0x6C, 0x6C, 0x00, 0xC6, 0xC6, 0xC6, 0xC6, 0xC6, 0xC6, 0x7E, 0x00, 0x00, 0x00, 0x00,
    /*  190 U+00FD LATIN SMALL LETTER Y WITH ACUTE */
    0x00, 0x0C, 0x18, 0x30, 0x00, 0xC6, 0xC6, 0xC6, 0xC6, 0xC6, 0xC6, 0x7E, 0x06, 0x06, 0xFC, 0x00,
    /*  191 U+00FE LATIN SMALL LETTER THORN */
    0x00, 0x00, 0xC0, 0xC0, 0xC0, 0xFC, 0xC6, 0xC6, 0xC6, 0xC6, 0xC6, 0xFC, 0xC0, 0xC0, 0xC0, 0x00,
    /*  192 U+00FF LATIN SMALL LETTER Y WITH DIAERESIS */
    0x00, 0x00, 0x6C, 0x6C, 0x00, 0xC6, 0xC6, 0xC6, 0xC6, 0xC6, 0xC6, 0x7E, 0x06, 0x06, 0xFC, 0x00,
    /*  193 U+0100 LATIN CAPITAL LETTER A WITH MACRON */
    0x00, 0x7C, 0x00, 0x7C, 0xC6, 0xC6, 0xC6, 0xFE, 0xC6, 0xC6, 0xC6, 0xC6, 0x00, 0x00, 0x00, 0x00,
    /*  194 U+0101 LATIN SMALL LETTER A WITH MACRON */
    0x00, 0x00, 0x00, 0x7C, 0x00, 0x7C, 0x06, 0x7E, 0xC6, 0xC6, 0xC6, 0x7E, 0x00, 0x00, 0x00, 0x00,
    /*  195 U+0102 LATIN CAPITAL LETTER A WITH BREVE */
    0x6C, 0x38, 0x00, 0x7C, 0xC6, 0xC6, 0xC6, 0xFE, 0xC6, 0xC6, 0xC6, 0xC6, 0x00, 0x00, 0x00, 0x00,
    /*  196 U+0103 LATIN SMALL LETTER A WITH BREVE */
    0x00, 0x6C, 0x6C, 0x38, 0x00, 0x7C, 0x06, 0x7E, 0xC6, 0xC6, 0xC6, 0x7E, 0x00, 0x00, 0x00, 0x00,
    /*  197 U+0104 LATIN CAPITAL LETTER A WITH OGONEK */
    0x00, 0x00, 0x7C, 0xC6, 0xC6, 0xC6, 0xFE, 0xC6, 0xC6, 0xC6, 0xC6, 0xC6, 0x0C, 0x08, 0x06, 0x00,
    /*  198 U+0105 LATIN SMALL LETTER A WITH OGONEK */
    0x00, 0x00, 0x00, 0x00, 0x00, 0x7C, 0x06, 0x7E, 0xC6, 0xC6, 0xC6, 0x7E, 0x0C, 0x08, 0x06, 0x00,
    /*  199 U+0106 LATIN CAPITAL LETTER C WITH ACUTE */
    0x18, 0x30, 0x00, 0x7E, 0xC0, 0xC0, 0xC0, 0xC0, 0xC0, 0xC0, 0xC0, 0x7E, 0x00, 0x00, 0x00, 0x00,
    /*  200 U+0107 LATIN SMALL LETTER C WITH ACUTE */
    0x00, 0x0C, 0x18, 0x30, 0x00, 0x7E, 0xC0, 0xC0, 0xC0, 0xC0, 0xC0, 0x7E, 0x00, 0x00, 0x00, 0x00,
    /*  201 U+0108 LATIN CAPITAL LETTER C WITH CIRCUMFLEX */
    0x38, 0x6C, 0x00, 0x7E, 0xC0, 0xC0, 0xC0, 0xC0, 0xC0, 0xC0, 0xC0, 0x7E, 0x00, 0x00, 0x00, 0x00,
    /*  202 U+0109 LATIN SMALL LETTER C WITH CIRCUMFLEX */
    0x00, 0x10, 0x38, 0x6C, 0x00, 0x7E, 0xC0, 0xC0, 0xC0, 0xC0, 0xC0, 0x7E, 0x00, 0x00, 0x00, 0x00,
    /*  203 U+010A LATIN CAPITAL LETTER C WITH DOT ABOVE */
    0x18, 0x18, 0x00, 0x7E, 0xC0, 0xC0, 0xC0, 0xC0, 0xC0, 0xC0, 0xC0, 0x7E, 0x00, 0x00, 0x00, 0x00,
    /*  204 U+010B LATIN SMALL LETTER C WITH DOT ABOVE */
    0x00, 0x00, 0x18, 0x18, 0x00, 0x7E, 0xC0, 0xC0, 0xC0, 0xC0, 0xC0, 0x7E, 0x00, 0x00, 0x00, 0x00,
    /*  205 U+010C LATIN CAPITAL LETTER C WITH CARON */
    0x6C, 0x38, 0x10, 0x7E, 0xC0, 0xC0, 0xC0, 0xC0, 0xC0, 0xC0, 0xC0, 0x7E, 0x00, 0x00, 0x00, 0x00,
    /*  206 U+010D LATIN SMALL LETTER C WITH CARON */
    0x00, 0x6C, 0x38, 0x10, 0x00, 0x7E, 0xC0, 0xC0, 0xC0, 0xC0, 0xC0, 0x7E, 0x00, 0x00, 0x00, 0x00,
    /*  207 U+010E LATIN CAPITAL LETTER D WITH CARON */
    0x6C, 0x38, 0x10, 0xFC, 0xC6, 0xC6, 0xC6, 0xC6, 0xC6, 0xC6, 0xC6, 0xFC, 0x00, 0x00, 0x00, 0x00,
    /*  208 U+010F LATIN SMALL LETTER D WITH CARON */
    0x6C, 0x38, 0x16, 0x06, 0x06, 0x7E, 0xC6, 0xC6, 0xC6, 0xC6, 0xC6, 0x7E, 0x00, 0x00, 0x00, 0x00,
    /*  209 U+0110 LATIN CAPITAL LETTER D WITH STROKE */
    0x00, 0x00, 0x7C, 0x66, 0x66, 0x66, 0xF6, 0x66, 0x66, 0x66, 0x66, 0x7C, 0x00, 0x00, 0x00, 0x00,
    /*  210 U+0111 LATIN SMALL LETTER D WITH STROKE */
    0x00, 0x00, 0x06, 0x1F, 0x06, 0x7E, 0xC6, 0xC6, 0xC6, 0xC6, 0xC6, 0x7E, 0x00, 0x00, 0x00, 0x00,
    /*  211 U+0112 LATIN CAPITAL LETTER E WITH MACRON */
    0x00, 0x7C, 0x00, 0x7E, 0xC0, 0xC0, 0xC0, 0xF8, 0xC0, 0xC0, 0xC0, 0x7E, 0x00, 0x00, 0x00, 0x00,
    /*  212 U+0113 LATIN SMALL LETTER E WITH MACRON */
    0x00, 0x00, 0x00, 0x7C, 0x00, 0x7E, 0xC6, 0xC6, 0xFE, 0xC0, 0xC0, 0x7E, 0x00, 0x00, 0x00, 0x00,
    /*  213 U+0114 LATIN CAPITAL LETTER E WITH BREVE */
    0x6C, 0x38, 0x00, 0x7E, 0xC0, 0xC0, 0xC0, 0xF8, 0xC0, 0xC0, 0xC0, 0x7E, 0x00, 0x00, 0x00, 0x00,
    /*  214 U+0115 LATIN SMALL LETTER E WITH BREVE */
    0x00, 0x6C, 0x6C, 0x38, 0x00, 0x7E, 0xC6, 0xC6, 0xFE, 0xC0, 0xC0, 0x7E, 0x00, 0x00, 0x00, 0x00,
    /*  215 U+0116 LATIN CAPITAL LETTER E WITH DOT ABOVE */
    0x18, 0x18, 0x00, 0x7E, 0xC0, 0xC0, 0xC0, 0xF8, 0xC0, 0xC0, 0xC0, 0x7E, 0x00, 0x00, 0x00, 0x00,
    /*  216 U+0117 LATIN SMALL LETTER E WITH DOT ABOVE */
    0x00, 0x00, 0x18, 0x18, 0x00, 0x7E, 0xC6, 0xC6, 0xFE, 0xC0, 0xC0, 0x7E, 0x00, 0x00, 0x00, 0x00,
    /*  217 U+0118 LATIN CAPITAL LETTER E WITH OGONEK */
    0x00, 0x00, 0x7E, 0xC0, 0xC0, 0xC0, 0xF8, 0xC0, 0xC0, 0xC0, 0xC0, 0x7E, 0x0C, 0x08, 0x06, 0x00,
    /*  218 U+0119 LATIN SMALL LETTER E WITH OGONEK */
    0x00, 0x00, 0x00, 0x00, 0x00, 0x7E, 0xC6, 0xC6, 0xFE, 0xC0, 0xC0, 0x7E, 0x0C, 0x08, 0x06, 0x00,
    /*  219 U+011A LATIN CAPITAL LETTER E WITH CARON */
    0x6C, 0x38, 0x10, 0x7E, 0xC0, 0xC0, 0xC0, 0xF8, 0xC0, 0xC0, 0xC0, 0x7E, 0x00, 0x00, 0x00, 0x00,
    /*  220 U+011B LATIN SMALL LETTER E WITH CARON */
    0x00, 0x6C, 0x38, 0x10, 0x00, 0x7E, 0xC6, 0xC6, 0xFE, 0xC0, 0xC0, 0x7E, 0x00, 0x00, 0x00, 0x00,
    /*  221 U+011C LATIN CAPITAL LETTER G WITH CIRCUMFLEX */
    0x38, 0x6C, 0x00, 0x7E, 0xC0, 0xC0, 0xC0, 0xDE, 0xC6, 0xC6, 0xC6, 0x7E, 0x00, 0x00, 0x00, 0x00,
    /*  222 U+011D LATIN SMALL LETTER G WITH CIRCUMFLEX */
    0x00, 0x10, 0x38, 0x6C, 0x00, 0x7E, 0xC6, 0xC6, 0xC6, 0xC6, 0xC6, 0x7C, 0x06, 0x06, 0xFC, 0x00,
    /*  223 U+011E LATIN CAPITAL LETTER G WITH BREVE */
    0x6C, 0x38, 0x00, 0x7E, 0xC0, 0xC0, 0xC0, 0xDE, 0xC6, 0xC6, 0xC6, 0x7E, 0x00, 0x00, 0x00, 0x00,
    /*  224 U+011F LATIN SMALL LETTER G WITH BREVE */
    0x00, 0x6C, 0x6C, 0x38, 0x00, 0x7E, 0xC6, 0xC6, 0xC6, 0xC6, 0xC6, 0x7C, 0x06, 0x06, 0xFC, 0x00,
    /*  225 U+0120 LATIN CAPITAL LETTER G WITH DOT ABOVE */
    0x18, 0x18, 0x00, 0x7E, 0xC0, 0xC0, 0xC0, 0xDE, 0xC6, 0xC6, 0xC6, 0x7E, 0x00, 0x00, 0x00, 0x00,
    /*  226 U+0121 LATIN SMALL LETTER G WITH DOT ABOVE */
    0x00, 0x00, 0x18, 0x18, 0x00, 0x7E, 0xC6, 0xC6, 0xC6, 0xC6, 0xC6, 0x7C, 0x06, 0x06, 0xFC, 0x00,
    /*  227 U+0122 LATIN CAPITAL LETTER G WITH CEDILLA */
    0x00, 0x00, 0x7E, 0xC0, 0xC0, 0xC0, 0xDE, 0xC6, 0xC6, 0xC6, 0xC6, 0x7E, 0x18, 0x18, 0x30, 0x00,
    /*  228 U+0123 LATIN SMALL LETTER G WITH CEDILLA */
    0x00, 0x18, 0x18, 0x30, 0x00, 0x7E, 0xC6, 0xC6, 0xC6, 0xC6, 0xC6, 0x7C, 0x06, 0x06, 0xFC, 0x00,
    /*  229 U+0124 LATIN CAPITAL LETTER H WITH CIRCUMFLEX */
    0x38, 0x6C, 0x00, 0xC6, 0xC6, 0xC6, 0xC6, 0xFE, 0xC6, 0xC6, 0xC6, 0xC6, 0x00, 0x00, 0x00, 0x00,
    /*  230 U+0125 LATIN SMALL LETTER H WITH CIRCUMFLEX */
    0x38, 0x6C, 0x00, 0xC0, 0xC0, 0xC0, 0xFC, 0xC6, 0xC6, 0xC6, 0xC6, 0xC6, 0x00, 0x00, 0x00, 0x00,
    /*  231 U+0126 LATIN CAPITAL LETTER H WITH STROKE */
    0x00, 0x00, 0xC6, 0xFF, 0xC6, 0xC6, 0xFE, 0xC6, 0xC6, 0xC6, 0xC6, 0xC6, 0x00, 0x00, 0x00, 0x00,
    /*  232 U+0127 LATIN SMALL LETTER H WITH STROKE */
    0x00, 0x00, 0xC0, 0xF0, 0xC0, 0xFC, 0xC6, 0xC6, 0xC6, 0xC6, 0xC6, 0xC6, 0x00, 0x00, 0x00, 0x00,
    /*  233 U+0128 LATIN CAPITAL LETTER I WITH TILDE */
    0x32, 0x4C, 0x00, 0x7E, 0x18, 0x18, 0x18, 0x18, 0x18, 0x18, 0x18, 0x7E, 0x00, 0x00, 0x00, 0x00,
    /*  234 U+0129 LATIN SMALL LETTER I WITH TILDE */
    0x00, 0x32, 0x7E, 0x4C, 0x00, 0x38, 0x18, 0x18, 0x18, 0x18, 0x18, 0x1C, 0x00, 0x00, 0x00, 0x00,
    /*  235 U+012A LATIN CAPITAL LETTER I WITH MACRON */
    0x00, 0x7E, 0x00, 0x7E, 0x18, 0x18, 0x18, 0x18, 0x18, 0x18, 0x18, 0x7E, 0x00, 0x00, 0x00, 0x00,
    /*  236 U+012B LATIN SMALL LETTER I WITH MACRON */
    0x00, 0x00, 0x00, 0x7E, 0x00, 0x38, 0x18, 0x18, 0x18, 0x18, 0x18, 0x1C, 0x00, 0x00, 0x00, 0x00,
    /*  237 U+012C LATIN CAPITAL LETTER I WITH BREVE */
    0x66, 0x3C, 0x00, 0x7E, 0x18, 0x18, 0x18, 0x18, 0x18, 0x18, 0x18, 0x7E, 0x00, 0x00, 0x00, 0x00,
    /*  238 U+012D LATIN SMALL LETTER I WITH BREVE */
    0x00, 0x66, 0x66, 0x3C, 0x00, 0x38, 0x18, 0x18, 0x18, 0x18, 0x18, 0x1C, 0x00, 0x00, 0x00, 0x00,
    /*  239 U+012E LATIN CAPITAL LETTER I WITH OGONEK */
    0x00, 0x00, 0x7E, 0x18, 0x18, 0x18, 0x18, 0x18, 0x18, 0x18, 0x18, 0x7E, 0x0C, 0x08, 0x06, 0x00,
    /*  240 U+012F LATIN SMALL LETTER I WITH OGONEK */
    0x00, 0x00, 0x18, 0x18, 0x00, 0x38, 0x18, 0x18, 0x18, 0x18, 0x18, 0x1C, 0x0C, 0x08, 0x06, 0x00,
    /*  241 U+0130 LATIN CAPITAL LETTER I WITH DOT ABOVE */
    0x18, 0x18, 0x00, 0x7E, 0x18, 0x18, 0x18, 0x18, 0x18, 0x18, 0x18, 0x7E, 0x00, 0x00, 0x00, 0x00,
    /*  242 U+0131 LATIN SMALL LETTER DOTLESS I */
    0x00, 0x00, 0x00, 0x00, 0x00, 0x38, 0x18, 0x18, 0x18, 0x18, 0x18, 0x1C, 0x00, 0x00, 0x00, 0x00,
    /*  243 U+0132 LATIN CAPITAL LIGATURE IJ */
    0x00, 0x00, 0xF7, 0x66, 0x66, 0x66, 0x66, 0x66, 0x66, 0x66, 0x66, 0xEC, 0x00, 0x00, 0x00, 0x00,
    /*  244 U+0133 LATIN SMALL LIGATURE IJ */
    0x00, 0x00, 0x66, 0x66, 0x00, 0xE6, 0x66, 0x66, 0x66, 0x66, 0x66, 0x76, 0x06, 0x06, 0x1C, 0x00,
    /*  245 U+0134 LATIN CAPITAL LETTER J WITH CIRCUMFLEX */
    0x38, 0x6C, 0x00, 0x7E, 0x18, 0x18, 0x18, 0x18, 0x18, 0x18, 0x18, 0xF0, 0x00, 0x00, 0x00, 0x00,
    /*  246 U+0135 LATIN SMALL LETTER J WITH CIRCUMFLEX */
    0x00, 0x18, 0x3C, 0x66, 0x00, 0x18, 0x18, 0x18, 0x18, 0x18, 0x18, 0x18, 0x18, 0x18, 0x70, 0x00,
    /*  247 U+0136 LATIN CAPITAL LETTER K WITH CEDILLA */
    0x00, 0x00, 0xC6, 0xC6, 0xC6, 0xCC, 0xF8, 0xCC, 0xC6, 0xC6, 0xC6, 0xC6, 0x18, 0x18, 0x30, 0x00,
    /*  248 U+0137 LATIN SMALL LETTER K WITH CEDILLA */
    0x00, 0x00, 0xC0, 0xC0, 0xC0, 0xCC, 0xD8, 0xF0, 0xF0, 0xD8, 0xCC, 0xC6, 0x18, 0x18, 0x30, 0x00,
    /*  249 U+0138 LATIN SMALL LETTER KRA */
    0x00, 0x00, 0x00, 0x00, 0x00, 0xC6, 0xCC, 0xD8, 0xF0, 0xD8, 0xCC, 0xC6, 0x00, 0x00, 0x00, 0x00,
    /*  250 U+0139 LATIN CAPITAL LETTER L WITH ACUTE */
    0x18, 0x30, 0x00, 0xC0, 0xC0, 0xC0, 0xC0, 0xC0, 0xC0, 0xC0, 0xC0, 0x7E, 0x00, 0x00, 0x00, 0x00,
    /*  251 U+013A LATIN SMALL LETTER L WITH ACUTE */
    0x18, 0x30, 0x00, 0x30, 0x30, 0x30, 0x30, 0x30, 0x30, 0x30, 0x30, 0x1C, 0x00, 0x00, 0x00, 0x00,
    /*  252 U+013B LATIN CAPITAL LETTER L WITH CEDILLA */
    0x00, 0x00, 0xC0, 0xC0, 0xC0, 0xC0, 0xC0, 0xC0, 0xC0, 0xC0, 0xC0, 0x7E, 0x18, 0x18, 0x30, 0x00,
    /*  253 U+013C LATIN SMALL LETTER L WITH CEDILLA */
    0x00, 0x00, 0x30, 0x30, 0x30, 0x30, 0x30, 0x30, 0x30, 0x30, 0x30, 0x1C, 0x18, 0x18, 0x30, 0x00,
    /*  254 U+013D LATIN CAPITAL LETTER L WITH CARON */
    0x6C, 0x38, 0x10, 0xC0, 0xC0, 0xC0, 0xC0, 0xC0, 0xC0, 0xC0, 0xC0, 0x7E, 0x00, 0x00, 0x00, 0x00,
    /*  255 U+013E LATIN SMALL LETTER L WITH CARON */
    0x6C, 0x38, 0x10, 0x30, 0x30, 0x30, 0x30, 0x30, 0x30, 0x30, 0x30, 0x1C, 0x00, 0x00, 0x00, 0x00,
    /*  256 U+013F LATIN CAPITAL LETTER L WITH MIDDLE DOT */
    0x00, 0x00, 0xC0, 0xC0, 0xC0, 0xC0, 0xCC, 0xCC, 0xC0, 0xC0, 0xC0, 0x7E, 0x00, 0x00, 0x00, 0x00,
    /*  257 U+0140 LATIN SMALL LETTER L WITH MIDDLE DOT */
    0x00, 0x00, 0x30, 0x30, 0x30, 0x30, 0x36, 0x36, 0x30, 0x30, 0x30, 0x1C, 0x00, 0x00, 0x00, 0x00,
    /*  258 U+0141 LATIN CAPITAL LETTER L WITH STROKE */
    0x00, 0x00, 0x60, 0x60, 0x68, 0x78, 0x70, 0xE0, 0xE0, 0x60, 0x60, 0x3E, 0x00, 0x00, 0x00, 0x00,
    /*  259 U+0142 LATIN SMALL LETTER L WITH STROKE */
    0x00, 0x00, 0x30, 0x30, 0x34, 0x3C, 0x38, 0x70, 0x70, 0x30, 0x30, 0x1C, 0x00, 0x00, 0x00, 0x00,
    /*  260 U+0143 LATIN CAPITAL LETTER N WITH ACUTE */
    0x18, 0x30, 0x00, 0xC6, 0xE6, 0xE6, 0xD6, 0xD6, 0xCE, 0xCE, 0xC6, 0xC6, 0x00, 0x00, 0x00, 0x00,
    /*  261 U+0144 LATIN SMALL LETTER N WITH ACUTE */
    0x00, 0x0C, 0x18, 0x30, 0x00, 0xFC, 0xC6, 0xC6, 0xC6, 0xC6, 0xC6, 0xC6, 0x00, 0x00, 0x00, 0x00,
    /*  262 U+0145 LATIN CAPITAL LETTER N WITH CEDILLA */
    0x00, 0x00, 0xC6, 0xC6, 0xE6, 0xE6, 0xD6, 0xD6, 0xCE, 0xCE, 0xC6, 0xC6, 0x18, 0x18, 0x30, 0x00,
    /*  263 U+0146 LATIN SMALL LETTER N WITH CEDILLA */
    0x00, 0x00, 0x00, 0x00, 0x00, 0xFC, 0xC6, 0xC6, 0xC6, 0xC6, 0xC6, 0xC6, 0x18, 0x18, 0x30, 0x00,
    /*  264 U+0147 LATIN CAPITAL LETTER N WITH CARON */
    0x6C, 0x38, 0x10, 0xC6, 0xE6, 0xE6, 0xD6, 0xD6, 0xCE, 0xCE, 0xC6, 0xC6, 0x00, 0x00, 0x00, 0x00,
    /*  265 U+0148 LATIN SMALL LETTER N WITH CARON */
    0x00, 0x6C, 0x38, 0x10, 0x00, 0xFC, 0xC6, 0xC6, 0xC6, 0xC6, 0xC6, 0xC6, 0x00, 0x00, 0x00, 0x00,
    /*  266 U+0149 LATIN SMALL LETTER N PRECEDED BY APOSTROPHE */
    0x00, 0x60, 0x60, 0xC0, 0x00, 0xFC, 0xC6, 0xC6, 0xC6, 0xC6, 0xC6, 0xC6, 0x00, 0x00, 0x00, 0x00,
    /*  267 U+014A LATIN CAPITAL LETTER ENG */
    0x00, 0x00, 0xC6, 0xC6, 0xE6, 0xE6, 0xD6, 0xD6, 0xCE, 0xCE, 0xC6, 0xC6, 0x06, 0x06, 0x0C, 0x00,
    /*  268 U+014B LATIN SMALL LETTER ENG */
    0x00, 0x00, 0x00, 0x00, 0x00, 0xFC, 0xC6, 0xC6, 0xC6, 0xC6, 0xC6, 0xC6, 0x06, 0x06, 0x0C, 0x00,
    /*  269 U+014C LATIN CAPITAL LETTER O WITH MACRON */
    0x00, 0x7C, 0x00, 0x7C, 0xC6, 0xC6, 0xC6, 0xC6, 0xC6, 0xC6, 0xC6, 0x7C, 0x00, 0x00, 0x00, 0x00,
    /*  270 U+014D LATIN SMALL LETTER O WITH MACRON */
    0x00, 0x00, 0x00, 0x7C, 0x00, 0x7C, 0xC6, 0xC6, 0xC6, 0xC6, 0xC6, 0x7C, 0x00, 0x00, 0x00, 0x00,
    /*  271 U+014E LATIN CAPITAL LETTER O WITH BREVE */
    0x6C, 0x38, 0x00, 0x7C, 0xC6, 0xC6, 0xC6, 0xC6, 0xC6, 0xC6, 0xC6, 0x7C, 0x00, 0x00, 0x00, 0x00,
    /*  272 U+014F LATIN SMALL LETTER O WITH BREVE */
    0x00, 0x6C, 0x6C, 0x38, 0x00, 0x7C, 0xC6, 0xC6, 0xC6, 0xC6, 0xC6, 0x7C, 0x00, 0x00, 0x00, 0x00,
    /*  273 U+0150 LATIN CAPITAL LETTER O WITH DOUBLE ACUTE */
    0x66, 0xCC, 0x00, 0x7C, 0xC6, 0xC6, 0xC6, 0xC6, 0xC6, 0xC6, 0xC6, 0x7C, 0x00, 0x00, 0x00, 0x00,
    /*  274 U+0151 LATIN SMALL LETTER O WITH DOUBLE ACUTE */
    0x00, 0x36, 0x6C, 0xD8, 0x00, 0x7C, 0xC6, 0xC6, 0xC6, 0xC6, 0xC6, 0x7C, 0x00, 0x00, 0x00, 0x00,
    /*  275 U+0152 LATIN CAPITAL LIGATURE OE */
    0x00, 0x00, 0x7E, 0xD8, 0xD8, 0xD8, 0xDE, 0xD8, 0xD8, 0xD8, 0xD8, 0x7E, 0x00, 0x00, 0x00, 0x00,
    /*  276 U+0153 LATIN SMALL LIGATURE OE */
    0x00, 0x00, 0x00, 0x00, 0x00, 0x6E, 0xD6, 0xD6, 0xDE, 0xD0, 0xD0, 0x6E, 0x00, 0x00, 0x00, 0x00,
    /*  277 U+0154 LATIN CAPITAL LETTER R WITH ACUTE */
    0x18, 0x30, 0x00, 0xFC, 0xC6, 0xC6, 0xC6, 0xFC, 0xC6, 0xC6, 0xC6, 0xC6, 0x00, 0x00, 0x00, 0x00,
    /*  278 U+0155 LATIN SMALL LETTER R WITH ACUTE */
    0x00, 0x0C, 0x18, 0x30, 0x00, 0x7E, 0xC6, 0xC0, 0xC0, 0xC0, 0xC0, 0xC0, 0x00, 0x00, 0x00, 0x00,
    /*  279 U+0156 LATIN CAPITAL LETTER R WITH CEDILLA */
    0x00, 0x00, 0xFC, 0xC6, 0xC6, 0xC6, 0xFC, 0xC6, 0xC6, 0xC6, 0xC6, 0xC6, 0x18, 0x18, 0x30, 0x00,
    /*  280 U+0157 LATIN SMALL LETTER R WITH CEDILLA */
    0x00, 0x00, 0x00, 0x00, 0x00, 0x7E, 0xC6, 0xC0, 0xC0, 0xC0, 0xC0, 0xC0, 0x18, 0x18, 0x30, 0x00,
    /*  281 U+0158 LATIN CAPITAL LETTER R WITH CARON */
    0x6C, 0x38, 0x10, 0xFC, 0xC6, 0xC6, 0xC6, 0xFC, 0xC6, 0xC6, 0xC6, 0xC6, 0x00, 0x00, 0x00, 0x00,
    /*  282 U+0159 LATIN SMALL LETTER R WITH CARON */
    0x00, 0x6C, 0x38, 0x10, 0x00, 0x7E, 0xC6, 0xC0, 0xC0, 0xC0, 0xC0, 0xC0, 0x00, 0x00, 0x00, 0x00,
    /*  283 U+015A LATIN CAPITAL LETTER S WITH ACUTE */
    0x18, 0x30, 0x00, 0x7E, 0xC0, 0xC0, 0xC0, 0x7C, 0x06, 0x06, 0x06, 0xFC, 0x00, 0x00, 0x00, 0x00,
    /*  284 U+015B LATIN SMALL LETTER S WITH ACUTE */
    0x00, 0x0C, 0x18, 0x30, 0x00, 0x7E, 0xC0, 0xC0, 0x7C, 0x06, 0x06, 0xFC, 0x00, 0x00, 0x00, 0x00,
    /*  285 U+015C LATIN CAPITAL LETTER S WITH CIRCUMFLEX */
    0x38, 0x6C, 0x00, 0x7E, 0xC0, 0xC0, 0xC0, 0x7C, 0x06, 0x06, 0x06, 0xFC, 0x00, 0x00, 0x00, 0x00,
    /*  286 U+015D LATIN SMALL LETTER S WITH CIRCUMFLEX */
    0x00, 0x10, 0x38, 0x6C, 0x00, 0x7E, 0xC0, 0xC0, 0x7C, 0x06, 0x06, 0xFC, 0x00, 0x00, 0x00, 0x00,
    /*  287 U+015E LATIN CAPITAL LETTER S WITH CEDILLA */
    0x00, 0x00, 0x7E, 0xC0, 0xC0, 0xC0, 0x7C, 0x06, 0x06, 0x06, 0x06, 0xFC, 0x18, 0x18, 0x30, 0x00,
    /*  288 U+015F LATIN SMALL LETTER S WITH CEDILLA */
    0x00, 0x00, 0x00, 0x00, 0x00, 0x7E, 0xC0, 0xC0, 0x7C, 0x06, 0x06, 0xFC, 0x18, 0x18, 0x30, 0x00,
    /*  289 U+0160 LATIN CAPITAL LETTER S WITH CARON */
    0x6C, 0x38, 0x10, 0x7E, 0xC0, 0xC0, 0xC0, 0x7C, 0x06, 0x06, 0x06, 0xFC, 0x00, 0x00, 0x00, 0x00,
    /*  290 U+0161 LATIN SMALL LETTER S WITH CARON */
    0x00, 0x6C, 0x38, 0x10, 0x00, 0x7E, 0xC0, 0xC0, 0x7C, 0x06, 0x06, 0xFC, 0x00, 0x00, 0x00, 0x00,
    /*  291 U+0162 LATIN CAPITAL LETTER T WITH CEDILLA */
    0x00, 0x00, 0xFF, 0x18, 0x18, 0x18, 0x18, 0x18, 0x18, 0x18, 0x18, 0x18, 0x0C, 0x0C, 0x18, 0x00,
    /*  292 U+0163 LATIN SMALL LETTER T WITH CEDILLA */
    0x00, 0x00, 0x30, 0x30, 0x30, 0x7C, 0x30, 0x30, 0x30, 0x30, 0x30, 0x1E, 0x0C, 0x0C, 0x18, 0x00,
    /*  293 U+0164 LATIN CAPITAL LETTER T WITH CARON */
    0x6C, 0x38, 0x10, 0xFF, 0x18, 0x18, 0x18, 0x18, 0x18, 0x18, 0x18, 0x18, 0x00, 0x00, 0x00, 0x00,
    /*  294 U+0165 LATIN SMALL LETTER T WITH CARON */
    0x6C, 0x38, 0x10, 0x30, 0x30, 0x7C, 0x30, 0x30, 0x30, 0x30, 0x30, 0x1E, 0x00, 0x00, 0x00, 0x00,
    /*  295 U+0166 LATIN CAPITAL LETTER T WITH STROKE */
    0x00, 0x00, 0xFF, 0x18, 0x18, 0x18, 0x18, 0x7E, 0x18, 0x18, 0x18, 0x18, 0x00, 0x00, 0x00, 0x00,
    /*  296 U+0167 LATIN SMALL LETTER T WITH STROKE */
    0x00, 0x00, 0x30, 0x30, 0x30, 0x7C, 0x30, 0x7C, 0x30, 0x30, 0x30, 0x1E, 0x00, 0x00, 0x00, 0x00,
    /*  297 U+0168 LATIN CAPITAL LETTER U WITH TILDE */
    0x32, 0x4C, 0x00, 0xC6, 0xC6, 0xC6, 0xC6, 0xC6, 0xC6, 0xC6, 0xC6, 0x7C, 0x00, 0x00, 0x00, 0x00,
    /*  298 U+0169 LATIN SMALL LETTER U WITH TILDE */
    0x00, 0x32, 0x7E, 0x4C, 0x00, 0xC6, 0xC6, 0xC6, 0xC6, 0xC6, 0xC6, 0x7C, 0x00, 0x00, 0x00, 0x00,
    /*  299 U+016A LATIN CAPITAL LETTER U WITH MACRON */
    0x00, 0x7C, 0x00, 0xC6, 0xC6, 0xC6, 0xC6, 0xC6, 0xC6, 0xC6, 0xC6, 0x7E, 0x00, 0x00, 0x00, 0x00,
    /*  300 U+016B LATIN SMALL LETTER U WITH MACRON */
    0x00, 0x00, 0x00, 0x7C, 0x00, 0xC6, 0xC6, 0xC6, 0xC6, 0xC6, 0xC6, 0x7E, 0x00, 0x00, 0x00, 0x00,
    /*  301 U+016C LATIN CAPITAL LETTER U WITH BREVE */
    0x6C, 0x38, 0x00, 0xC6, 0xC6, 0xC6, 0xC6, 0xC6, 0xC6, 0xC6, 0xC6, 0x7E, 0x00, 0x00, 0x00, 0x00,
    /*  302 U+016D LATIN SMALL LETTER U WITH BREVE */
    0x00, 0x6C, 0x6C, 0x38, 0x00, 0xC6, 0xC6, 0xC6, 0xC6, 0xC6, 0xC6, 0x7E, 0x00, 0x00, 0x00, 0x00,
    /*  303 U+016E LATIN CAPITAL LETTER U WITH RING ABOVE */
    0x38, 0x6C, 0x38, 0xC6, 0xC6, 0xC6, 0xC6, 0xC6, 0xC6, 0xC6, 0xC6, 0x7E, 0x00, 0x00, 0x00, 0x00,
    /*  304 U+016F LATIN SMALL LETTER U WITH RING ABOVE */
    0x00, 0x38, 0x6C, 0x38, 0x00, 0xC6, 0xC6, 0xC6, 0xC6, 0xC6, 0xC6, 0x7E, 0x00, 0x00, 0x00, 0x00,
    /*  305 U+0170 LATIN CAPITAL LETTER U WITH DOUBLE ACUTE */
    0x66, 0xCC, 0x00, 0xC6, 0xC6, 0xC6, 0xC6, 0xC6, 0xC6, 0xC6, 0xC6, 0x7E, 0x00, 0x00, 0x00, 0x00,
    /*  306 U+0171 LATIN SMALL LETTER U WITH DOUBLE ACUTE */
    0x00, 0x36, 0x6C, 0xD8, 0x00, 0xC6, 0xC6, 0xC6, 0xC6, 0xC6, 0xC6, 0x7E, 0x00, 0x00, 0x00, 0x00,
    /*  307 U+0172 LATIN CAPITAL LETTER U WITH OGONEK */
    0x00, 0x00, 0xC6, 0xC6, 0xC6, 0xC6, 0xC6, 0xC6, 0xC6, 0xC6, 0xC6, 0x7E, 0x0C, 0x08, 0x06, 0x00,
    /*  308 U+0173 LATIN SMALL LETTER U WITH OGONEK */
    0x00, 0x00, 0x00, 0x00, 0x00, 0xC6, 0xC6, 0xC6, 0xC6, 0xC6, 0xC6, 0x7E, 0x0C, 0x08, 0x06, 0x00,
    /*  309 U+0174 LATIN CAPITAL LETTER W WITH CIRCUMFLEX */
    0x38, 0x6C, 0x00, 0xC6, 0xC6, 0xC6, 0xC6, 0xC6, 0xD6, 0xFE, 0xEE, 0xC6, 0x00, 0x00, 0x00, 0x00,
    /*  310 U+0175 LATIN SMALL LETTER W WITH CIRCUMFLEX */
    0x00, 0x10, 0x38, 0x6C, 0x00, 0xC6, 0xC6, 0xD6, 0xD6, 0xD6, 0xD6, 0x6E, 0x00, 0x00, 0x00, 0x00,
    /*  311 U+0176 LATIN CAPITAL LETTER Y WITH CIRCUMFLEX */
    0x38, 0x6C, 0x00, 0xC6, 0xC6, 0xC6, 0xC6, 0x7E, 0x06, 0x06, 0x06, 0xFC, 0x00, 0x00, 0x00, 0x00,
    /*  312 U+0177 LATIN SMALL LETTER Y WITH CIRCUMFLEX */
    0x00, 0x10, 0x38, 0x6C, 0x00, 0xC6, 0xC6, 0xC6, 0xC6, 0xC6, 0xC6, 0x7E, 0x06, 0x06, 0xFC, 0x00,
    /*  313 U+0178 LATIN CAPITAL LETTER Y WITH DIAERESIS */
    0x6C, 0x6C, 0x00, 0xC6, 0xC6, 0xC6, 0xC6, 0x7E, 0x06, 0x06, 0x06, 0xFC, 0x00, 0x00, 0x00, 0x00,
    /*  314 U+0179 LATIN CAPITAL LETTER Z WITH ACUTE */
    0x18, 0x30, 0x00, 0xFE, 0x06, 0x0C, 0x18, 0x30, 0x60, 0xC0, 0xC0, 0xFE, 0x00, 0x00, 0x00, 0x00,
    /*  315 U+017A LATIN SMALL LETTER Z WITH ACUTE */
    0x00, 0x0C, 0x18, 0x30, 0x00, 0xFE, 0x06, 0x0C, 0x18, 0x30, 0x60, 0xFE, 0x00, 0x00, 0x00, 0x00,
    /*  316 U+017B LATIN CAPITAL LETTER Z WITH DOT ABOVE */
    0x18, 0x18, 0x00, 0xFE, 0x06, 0x0C, 0x18, 0x30, 0x60, 0xC0, 0xC0, 0xFE, 0x00, 0x00, 0x00, 0x00,
    /*  317 U+017C LATIN SMALL LETTER Z WITH DOT ABOVE */
    0x00, 0x00, 0x18, 0x18, 0x00, 0xFE, 0x06, 0x0C, 0x18, 0x30, 0x60, 0xFE, 0x00, 0x00, 0x00, 0x00,
    /*  318 U+017D LATIN CAPITAL LETTER Z WITH CARON */
    0x6C, 0x38, 0x10, 0xFE, 0x06, 0x0C, 0x18, 0x30, 0x60, 0xC0, 0xC0, 0xFE, 0x00, 0x00, 0x00, 0x00,
    /*  319 U+017E LATIN SMALL LETTER Z WITH CARON */
    0x00, 0x6C, 0x38, 0x10, 0x00, 0xFE, 0x06, 0x0C, 0x18, 0x30, 0x60, 0xFE, 0x00, 0x00, 0x00, 0x00,
    /*  320 U+017F LATIN SMALL LETTER LONG S */
    0x00, 0x00, 0x1E, 0x30, 0x30, 0x70, 0x30, 0x30, 0x30, 0x30, 0x30, 0x30, 0x00, 0x00, 0x00, 0x00,
    /*  321 U+0192 LATIN SMALL LETTER F WITH HOOK */
    0x00, 0x00, 0x0E, 0x1B, 0x1B, 0x18, 0x18, 0x18, 0x7E, 0x18, 0x18, 0x18, 0xD8, 0xD8, 0x70, 0x00,
    /*  322 U+01CD LATIN CAPITAL LETTER A WITH CARON */
    0x6C, 0x38, 0x10, 0x7C, 0xC6, 0xC6, 0xC6, 0xFE, 0xC6, 0xC6, 0xC6, 0xC6, 0x00, 0x00, 0x00, 0x00,
    /*  323 U+01CE LATIN SMALL LETTER A WITH CARON */
    0x00, 0x6C, 0x38, 0x10, 0x00, 0x7C, 0x06, 0x7E, 0xC6, 0xC6, 0xC6, 0x7E, 0x00, 0x00, 0x00, 0x00,
    /*  324 U+01CF LATIN CAPITAL LETTER I WITH CARON */
    0x6C, 0x38, 0x10, 0x7E, 0x18, 0x18, 0x18, 0x18, 0x18, 0x18, 0x18, 0x7E, 0x00, 0x00, 0x00, 0x00,
    /*  325 U+01D0 LATIN SMALL LETTER I WITH CARON */
    0x00, 0x6C, 0x38, 0x10, 0x00, 0x38, 0x18, 0x18, 0x18, 0x18, 0x18, 0x1C, 0x00, 0x00, 0x00, 0x00,
    /*  326 U+01D1 LATIN CAPITAL LETTER O WITH CARON */
    0x6C, 0x38, 0x10, 0x7C, 0xC6, 0xC6, 0xC6, 0xC6, 0xC6, 0xC6, 0xC6, 0x7C, 0x00, 0x00, 0x00, 0x00,
    /*  327 U+01D2 LATIN SMALL LETTER O WITH CARON */
    0x00, 0x6C, 0x38, 0x10, 0x00, 0x7C, 0xC6, 0xC6, 0xC6, 0xC6, 0xC6, 0x7C, 0x00, 0x00, 0x00, 0x00,
    /*  328 U+01D3 LATIN CAPITAL LETTER U WITH CARON */
    0x6C, 0x38, 0x10, 0xC6, 0xC6, 0xC6, 0xC6, 0xC6, 0xC6, 0xC6, 0xC6, 0x7E, 0x00, 0x00, 0x00, 0x00,
    /*  329 U+01D4 LATIN SMALL LETTER U WITH CARON */
    0x00, 0x6C, 0x38, 0x10, 0x00, 0xC6, 0xC6, 0xC6, 0xC6, 0xC6, 0xC6, 0x7E, 0x00, 0x00, 0x00, 0x00,
    /*  330 U+01E2 LATIN CAPITAL LETTER AE WITH MACRON */
    0x00, 0x7C, 0x00, 0x7E, 0xD8, 0xD8, 0xD8, 0xFE, 0xD8, 0xD8, 0xD8, 0xDE, 0x00, 0x00, 0x00, 0x00,
    /*  331 U+01E3 LATIN SMALL LETTER AE WITH MACRON */
    0x00, 0x00, 0x00, 0x7C, 0x00, 0x6E, 0x16, 0x16, 0x7E, 0xD0, 0xD0, 0x6E, 0x00, 0x00, 0x00, 0x00,
    /*  332 U+01E6 LATIN CAPITAL LETTER G WITH CARON */
    0x6C, 0x38, 0x10, 0x7E, 0xC0, 0xC0, 0xC0, 0xDE, 0xC6, 0xC6, 0xC6, 0x7E, 0x00, 0x00, 0x00, 0x00,
    /*  333 U+01E7 LATIN SMALL LETTER G WITH CARON */
    0x00, 0x6C, 0x38, 0x10, 0x00, 0x7E, 0xC6, 0xC6, 0xC6, 0xC6, 0xC6, 0x7C, 0x06, 0x06, 0xFC, 0x00,
    /*  334 U+01E8 LATIN CAPITAL LETTER K WITH CARON */
    0x6C, 0x38, 0x10, 0xC6, 0xC6, 0xC6, 0xCC, 0xF8, 0xCC, 0xC6, 0xC6, 0xC6, 0x00, 0x00, 0x00, 0x00,
    /*  335 U+01E9 LATIN SMALL LETTER K WITH CARON */
    0x6C, 0x38, 0x10, 0xC0, 0xC0, 0xCC, 0xD8, 0xF0, 0xF0, 0xD8, 0xCC, 0xC6, 0x00, 0x00, 0x00, 0x00,
    /*  336 U+01EA LATIN CAPITAL LETTER O WITH OGONEK */
    0x00, 0x00, 0x7C, 0xC6, 0xC6, 0xC6, 0xC6, 0xC6, 0xC6, 0xC6, 0xC6, 0x7C, 0x18, 0x10, 0x0C, 0x00,
    /*  337 U+01EB LATIN SMALL LETTER O WITH OGONEK */
    0x00, 0x00, 0x00, 0x00, 0x00, 0x7C, 0xC6, 0xC6, 0xC6, 0xC6, 0xC6, 0x7C, 0x18, 0x10, 0x0C, 0x00,
    /*  338 U+01EC LATIN CAPITAL LETTER O WITH OGONEK AND MACRO */
    0x00, 0x7C, 0x00, 0x7C, 0xC6, 0xC6, 0xC6, 0xC6, 0xC6, 0xC6, 0xC6, 0x7C, 0x18, 0x10, 0x0C, 0x00,
    /*  339 U+01ED LATIN SMALL LETTER O WITH OGONEK AND MACRON */
    0x00, 0x00, 0x00, 0x7C, 0x00, 0x7C, 0xC6, 0xC6, 0xC6, 0xC6, 0xC6, 0x7C, 0x18, 0x10, 0x0C, 0x00,
    /*  340 U+01F0 LATIN SMALL LETTER J WITH CARON */
    0x00, 0x6C, 0x38, 0x10, 0x00, 0x18, 0x18, 0x18, 0x18, 0x18, 0x18, 0x18, 0x18, 0x18, 0x70, 0x00,
    /*  341 U+01F4 LATIN CAPITAL LETTER G WITH ACUTE */
    0x18, 0x30, 0x00, 0x7E, 0xC0, 0xC0, 0xC0, 0xDE, 0xC6, 0xC6, 0xC6, 0x7E, 0x00, 0x00, 0x00, 0x00,
    /*  342 U+01F5 LATIN SMALL LETTER G WITH ACUTE */
    0x00, 0x0C, 0x18, 0x30, 0x00, 0x7E, 0xC6, 0xC6, 0xC6, 0xC6, 0xC6, 0x7C, 0x06, 0x06, 0xFC, 0x00,
    /*  343 U+01FC LATIN CAPITAL LETTER AE WITH ACUTE */
    0x18, 0x30, 0x00, 0x7E, 0xD8, 0xD8, 0xD8, 0xFE, 0xD8, 0xD8, 0xD8, 0xDE, 0x00, 0x00, 0x00, 0x00,
    /*  344 U+01FD LATIN SMALL LETTER AE WITH ACUTE */
    0x00, 0x0C, 0x18, 0x30, 0x00, 0x6E, 0x16, 0x16, 0x7E, 0xD0, 0xD0, 0x6E, 0x00, 0x00, 0x00, 0x00,
    /*  345 U+01FE LATIN CAPITAL LETTER O WITH STROKE AND ACUTE */
    0x18, 0x30, 0x02, 0x7C, 0xCE, 0xCE, 0xD6, 0xD6, 0xE6, 0xE6, 0xC6, 0x7C, 0x80, 0x00, 0x00, 0x00,
    /*  346 U+01FF LATIN SMALL LETTER O WITH STROKE AND ACUTE */
    0x00, 0x0C, 0x18, 0x30, 0x02, 0x7C, 0xC6, 0xCE, 0xD6, 0xE6, 0xC6, 0x7C, 0x80, 0x00, 0x00, 0x00,
    /*  347 U+0200 LATIN CAPITAL LETTER A WITH DOUBLE GRAVE */
    0xCC, 0x66, 0x00, 0x7C, 0xC6, 0xC6, 0xC6, 0xFE, 0xC6, 0xC6, 0xC6, 0xC6, 0x00, 0x00, 0x00, 0x00,
    /*  348 U+0201 LATIN SMALL LETTER A WITH DOUBLE GRAVE */
    0x00, 0xD8, 0x6C, 0x36, 0x00, 0x7C, 0x06, 0x7E, 0xC6, 0xC6, 0xC6, 0x7E, 0x00, 0x00, 0x00, 0x00,
    /*  349 U+0202 LATIN CAPITAL LETTER A WITH INVERTED BREVE */
    0x38, 0x6C, 0x00, 0x7C, 0xC6, 0xC6, 0xC6, 0xFE, 0xC6, 0xC6, 0xC6, 0xC6, 0x00, 0x00, 0x00, 0x00,
    /*  350 U+0203 LATIN SMALL LETTER A WITH INVERTED BREVE */
    0x00, 0x38, 0x6C, 0x6C, 0x00, 0x7C, 0x06, 0x7E, 0xC6, 0xC6, 0xC6, 0x7E, 0x00, 0x00, 0x00, 0x00,
    /*  351 U+0204 LATIN CAPITAL LETTER E WITH DOUBLE GRAVE */
    0xCC, 0x66, 0x00, 0x7E, 0xC0, 0xC0, 0xC0, 0xF8, 0xC0, 0xC0, 0xC0, 0x7E, 0x00, 0x00, 0x00, 0x00,
    /*  352 U+0205 LATIN SMALL LETTER E WITH DOUBLE GRAVE */
    0x00, 0xD8, 0x6C, 0x36, 0x00, 0x7E, 0xC6, 0xC6, 0xFE, 0xC0, 0xC0, 0x7E, 0x00, 0x00, 0x00, 0x00,
    /*  353 U+0206 LATIN CAPITAL LETTER E WITH INVERTED BREVE */
    0x38, 0x6C, 0x00, 0x7E, 0xC0, 0xC0, 0xC0, 0xF8, 0xC0, 0xC0, 0xC0, 0x7E, 0x00, 0x00, 0x00, 0x00,
    /*  354 U+0207 LATIN SMALL LETTER E WITH INVERTED BREVE */
    0x00, 0x38, 0x6C, 0x6C, 0x00, 0x7E, 0xC6, 0xC6, 0xFE, 0xC0, 0xC0, 0x7E, 0x00, 0x00, 0x00, 0x00,
    /*  355 U+0208 LATIN CAPITAL LETTER I WITH DOUBLE GRAVE */
    0xCC, 0x66, 0x00, 0x7E, 0x18, 0x18, 0x18, 0x18, 0x18, 0x18, 0x18, 0x7E, 0x00, 0x00, 0x00, 0x00,
    /*  356 U+0209 LATIN SMALL LETTER I WITH DOUBLE GRAVE */
    0x00, 0xD8, 0x6C, 0x36, 0x00, 0x38, 0x18, 0x18, 0x18, 0x18, 0x18, 0x1C, 0x00, 0x00, 0x00, 0x00,
    /*  357 U+020A LATIN CAPITAL LETTER I WITH INVERTED BREVE */
    0x3C, 0x66, 0x00, 0x7E, 0x18, 0x18, 0x18, 0x18, 0x18, 0x18, 0x18, 0x7E, 0x00, 0x00, 0x00, 0x00,
    /*  358 U+020B LATIN SMALL LETTER I WITH INVERTED BREVE */
    0x00, 0x3C, 0x66, 0x66, 0x00, 0x38, 0x18, 0x18, 0x18, 0x18, 0x18, 0x1C, 0x00, 0x00, 0x00, 0x00,
    /*  359 U+020C LATIN CAPITAL LETTER O WITH DOUBLE GRAVE */
    0xCC, 0x66, 0x00, 0x7C, 0xC6, 0xC6, 0xC6, 0xC6, 0xC6, 0xC6, 0xC6, 0x7C, 0x00, 0x00, 0x00, 0x00,
    /*  360 U+020D LATIN SMALL LETTER O WITH DOUBLE GRAVE */
    0x00, 0xD8, 0x6C, 0x36, 0x00, 0x7C, 0xC6, 0xC6, 0xC6, 0xC6, 0xC6, 0x7C, 0x00, 0x00, 0x00, 0x00,
    /*  361 U+020E LATIN CAPITAL LETTER O WITH INVERTED BREVE */
    0x38, 0x6C, 0x00, 0x7C, 0xC6, 0xC6, 0xC6, 0xC6, 0xC6, 0xC6, 0xC6, 0x7C, 0x00, 0x00, 0x00, 0x00,
    /*  362 U+020F LATIN SMALL LETTER O WITH INVERTED BREVE */
    0x00, 0x38, 0x6C, 0x6C, 0x00, 0x7C, 0xC6, 0xC6, 0xC6, 0xC6, 0xC6, 0x7C, 0x00, 0x00, 0x00, 0x00,
    /*  363 U+0210 LATIN CAPITAL LETTER R WITH DOUBLE GRAVE */
    0xCC, 0x66, 0x00, 0xFC, 0xC6, 0xC6, 0xC6, 0xFC, 0xC6, 0xC6, 0xC6, 0xC6, 0x00, 0x00, 0x00, 0x00,
    /*  364 U+0211 LATIN SMALL LETTER R WITH DOUBLE GRAVE */
    0x00, 0xD8, 0x6C, 0x36, 0x00, 0x7E, 0xC6, 0xC0, 0xC0, 0xC0, 0xC0, 0xC0, 0x00, 0x00, 0x00, 0x00,
    /*  365 U+0212 LATIN CAPITAL LETTER R WITH INVERTED BREVE */
    0x38, 0x6C, 0x00, 0xFC, 0xC6, 0xC6, 0xC6, 0xFC, 0xC6, 0xC6, 0xC6, 0xC6, 0x00, 0x00, 0x00, 0x00,
    /*  366 U+0213 LATIN SMALL LETTER R WITH INVERTED BREVE */
    0x00, 0x38, 0x6C, 0x6C, 0x00, 0x7E, 0xC6, 0xC0, 0xC0, 0xC0, 0xC0, 0xC0, 0x00, 0x00, 0x00, 0x00,
    /*  367 U+0214 LATIN CAPITAL LETTER U WITH DOUBLE GRAVE */
    0xCC, 0x66, 0x00, 0xC6, 0xC6, 0xC6, 0xC6, 0xC6, 0xC6, 0xC6, 0xC6, 0x7E, 0x00, 0x00, 0x00, 0x00,
    /*  368 U+0215 LATIN SMALL LETTER U WITH DOUBLE GRAVE */
    0x00, 0xD8, 0x6C, 0x36, 0x00, 0xC6, 0xC6, 0xC6, 0xC6, 0xC6, 0xC6, 0x7E, 0x00, 0x00, 0x00, 0x00,
    /*  369 U+0216 LATIN CAPITAL LETTER U WITH INVERTED BREVE */
    0x38, 0x6C, 0x00, 0xC6, 0xC6, 0xC6, 0xC6, 0xC6, 0xC6, 0xC6, 0xC6, 0x7E, 0x00, 0x00, 0x00, 0x00,
    /*  370 U+0217 LATIN SMALL LETTER U WITH INVERTED BREVE */
    0x00, 0x38, 0x6C, 0x6C, 0x00, 0xC6, 0xC6, 0xC6, 0xC6, 0xC6, 0xC6, 0x7E, 0x00, 0x00, 0x00, 0x00,
    /*  371 U+021E LATIN CAPITAL LETTER H WITH CARON */
    0x6C, 0x38, 0x10, 0xC6, 0xC6, 0xC6, 0xC6, 0xFE, 0xC6, 0xC6, 0xC6, 0xC6, 0x00, 0x00, 0x00, 0x00,
    /*  372 U+021F LATIN SMALL LETTER H WITH CARON */
    0x6C, 0x38, 0x10, 0xC0, 0xC0, 0xC0, 0xFC, 0xC6, 0xC6, 0xC6, 0xC6, 0xC6, 0x00, 0x00, 0x00, 0x00,
    /*  373 U+0226 LATIN CAPITAL LETTER A WITH DOT ABOVE */
    0x18, 0x18, 0x00, 0x7C, 0xC6, 0xC6, 0xC6, 0xFE, 0xC6, 0xC6, 0xC6, 0xC6, 0x00, 0x00, 0x00, 0x00,
    /*  374 U+0227 LATIN SMALL LETTER A WITH DOT ABOVE */
    0x00, 0x00, 0x18, 0x18, 0x00, 0x7C, 0x06, 0x7E, 0xC6, 0xC6, 0xC6, 0x7E, 0x00, 0x00, 0x00, 0x00,
    /*  375 U+0228 LATIN CAPITAL LETTER E WITH CEDILLA */
    0x00, 0x00, 0x7E, 0xC0, 0xC0, 0xC0, 0xF8, 0xC0, 0xC0, 0xC0, 0xC0, 0x7E, 0x18, 0x18, 0x30, 0x00,
    /*  376 U+0229 LATIN SMALL LETTER E WITH CEDILLA */
    0x00, 0x00, 0x00, 0x00, 0x00, 0x7E, 0xC6, 0xC6, 0xFE, 0xC0, 0xC0, 0x7E, 0x18, 0x18, 0x30, 0x00,
    /*  377 U+022E LATIN CAPITAL LETTER O WITH DOT ABOVE */
    0x18, 0x18, 0x00, 0x7C, 0xC6, 0xC6, 0xC6, 0xC6, 0xC6, 0xC6, 0xC6, 0x7C, 0x00, 0x00, 0x00, 0x00,
    /*  378 U+022F LATIN SMALL LETTER O WITH DOT ABOVE */
    0x00, 0x00, 0x18, 0x18, 0x00, 0x7C, 0xC6, 0xC6, 0xC6, 0xC6, 0xC6, 0x7C, 0x00, 0x00, 0x00, 0x00,
    /*  379 U+02D8 BREVE */
    0x6C, 0x38, 0x00, 0x00, 0x00, 0x00, 0x00, 0x00, 0x00, 0x00, 0x00, 0x00, 0x00, 0x00, 0x00, 0x00,
    /*  380 U+02D9 DOT ABOVE */
    0x18, 0x18, 0x00, 0x00, 0x00, 0x00, 0x00, 0x00, 0x00, 0x00, 0x00, 0x00, 0x00, 0x00, 0x00, 0x00,
    /*  381 U+02DB OGONEK */
    0x00, 0x00, 0x00, 0x00, 0x00, 0x00, 0x00, 0x00, 0x00, 0x00, 0x00, 0x00, 0x0C, 0x08, 0x06, 0x00,
    /*  382 U+02DC SMALL TILDE */
    0x32, 0x4C, 0x00, 0x00, 0x00, 0x00, 0x00, 0x00, 0x00, 0x00, 0x00, 0x00, 0x00, 0x00, 0x00, 0x00,
    /*  383 U+02DD DOUBLE ACUTE ACCENT */
    0x66, 0xCC, 0x00, 0x00, 0x00, 0x00, 0x00, 0x00, 0x00, 0x00, 0x00, 0x00, 0x00, 0x00, 0x00, 0x00,
    /*  384 U+0306 COMBINING BREVE */
    0x6C, 0x38, 0x00, 0x00, 0x00, 0x00, 0x00, 0x00, 0x00, 0x00, 0x00, 0x00, 0x00, 0x00, 0x00, 0x00,
    /*  385 U+0308 COMBINING DIAERESIS */
    0x6C, 0x6C, 0x00, 0x00, 0x00, 0x00, 0x00, 0x00, 0x00, 0x00, 0x00, 0x00, 0x00, 0x00, 0x00, 0x00,
    /*  386 U+0393 GREEK CAPITAL LETTER GAMMA */
    0x00, 0x00, 0xFE, 0xC6, 0xC0, 0xC0, 0xC0, 0xC0, 0xC0, 0xC0, 0xC0, 0xC0, 0x00, 0x00, 0x00, 0x00,
    /*  387 U+0398 GREEK CAPITAL LETTER THETA */
    0x00, 0x00, 0x38, 0x6C, 0xC6, 0xC6, 0xFE, 0xC6, 0xC6, 0xC6, 0x6C, 0x38, 0x00, 0x00, 0x00, 0x00,
    /*  388 U+03A3 GREEK CAPITAL LETTER SIGMA */
    0x00, 0x00, 0xFE, 0xC6, 0x60, 0x30, 0x18, 0x18, 0x30, 0x60, 0xC6, 0xFE, 0x00, 0x00, 0x00, 0x00,
    /*  389 U+03A6 GREEK CAPITAL LETTER PHI */
    0x00, 0x00, 0x10, 0x7C, 0xD6, 0xD6, 0xD6, 0xD6, 0xD6, 0xD6, 0x7C, 0x10, 0x00, 0x00, 0x00, 0x00,
    /*  390 U+03A9 GREEK CAPITAL LETTER OMEGA */
    0x00, 0x00, 0x38, 0x6C, 0xC6, 0xC6, 0xC6, 0xC6, 0xC6, 0x6C, 0x6C, 0xEE, 0x00, 0x00, 0x00, 0x00,
    /*  391 U+03B1 GREEK SMALL LETTER ALPHA */
    0x00, 0x00, 0x00, 0x00, 0x00, 0x76, 0xDC, 0xD8, 0xD8, 0xD8, 0xDC, 0x76, 0x00, 0x00, 0x00, 0x00,
    /*  392 U+03B4 GREEK SMALL LETTER DELTA */
    0x00, 0x00, 0x1E, 0x30, 0x18, 0x0C, 0x3C, 0x66, 0x66, 0x66, 0x66, 0x3C, 0x00, 0x00, 0x00, 0x00,
    /*  393 U+03B5 GREEK SMALL LETTER EPSILON */
    0x00, 0x00, 0x00, 0x00, 0x00, 0x7C, 0xC6, 0xC0, 0x70, 0xC0, 0xC6, 0x7C, 0x00, 0x00, 0x00, 0x00,
    /*  394 U+03C0 GREEK SMALL LETTER PI */
    0x00, 0x00, 0x00, 0x00, 0x00, 0xFE, 0x6C, 0x6C, 0x6C, 0x6C, 0x6C, 0x6C, 0x00, 0x00, 0x00, 0x00,
    /*  395 U+03C3 GREEK SMALL LETTER SIGMA */
    0x00, 0x00, 0x00, 0x00, 0x00, 0x7E, 0xD8, 0xD8, 0xD8, 0xD8, 0xD8, 0x70, 0x00, 0x00, 0x00, 0x00,
    /*  396 U+03C4 GREEK SMALL LETTER TAU */
    0x00, 0x00, 0x00, 0x00, 0x00, 0x7E, 0x18, 0x18, 0x18, 0x18, 0x18, 0x0C, 0x00, 0x00, 0x00, 0x00,
    /*  397 U+03C6 GREEK SMALL LETTER PHI */
    0x00, 0x00, 0x00, 0x00, 0x00, 0x4C, 0xD6, 0xD6, 0xD6, 0xD6, 0xD6, 0x7C, 0x10, 0x10, 0x00, 0x00,
    /*  398 U+0401 CYRILLIC CAPITAL LETTER IO */
    0x6C, 0x6C, 0x00, 0x7E, 0xC0, 0xC0, 0xC0, 0xF8, 0xC0, 0xC0, 0xC0, 0x7E, 0x00, 0x00, 0x00, 0x00,
    /*  399 U+0406 CYRILLIC CAPITAL LETTER BYELORUSSIAN-UKRAINI */
    0x00, 0x00, 0x7E, 0x18, 0x18, 0x18, 0x18, 0x18, 0x18, 0x18, 0x18, 0x7E, 0x00, 0x00, 0x00, 0x00,
    /*  400 U+0407 CYRILLIC CAPITAL LETTER YI */
    0x66, 0x66, 0x00, 0x7E, 0x18, 0x18, 0x18, 0x18, 0x18, 0x18, 0x18, 0x7E, 0x00, 0x00, 0x00, 0x00,
    /*  401 U+040E CYRILLIC CAPITAL LETTER SHORT U */
    0x6C, 0x38, 0x00, 0xC6, 0xC6, 0xC6, 0xC6, 0x7E, 0x06, 0x06, 0x06, 0xFC, 0x00, 0x00, 0x00, 0x00,
    /*  402 U+0410 CYRILLIC CAPITAL LETTER A */
    0x00, 0x00, 0x7C, 0xC6, 0xC6, 0xC6, 0xFE, 0xC6, 0xC6, 0xC6, 0xC6, 0xC6, 0x00, 0x00, 0x00, 0x00,
    /*  403 U+0411 CYRILLIC CAPITAL LETTER BE */
    0x00, 0x00, 0xFC, 0xC0, 0xC0, 0xC0, 0xFC, 0xC6, 0xC6, 0xC6, 0xC6, 0xFC, 0x00, 0x00, 0x00, 0x00,
    /*  404 U+0412 CYRILLIC CAPITAL LETTER VE */
    0x00, 0x00, 0xFC, 0xC6, 0xC6, 0xC6, 0xFC, 0xC6, 0xC6, 0xC6, 0xC6, 0xFC, 0x00, 0x00, 0x00, 0x00,
    /*  405 U+0413 CYRILLIC CAPITAL LETTER GHE */
    0x00, 0x00, 0x7E, 0xC0, 0xC0, 0xC0, 0xC0, 0xC0, 0xC0, 0xC0, 0xC0, 0xC0, 0x00, 0x00, 0x00, 0x00,
    /*  406 U+0414 CYRILLIC CAPITAL LETTER DE */
    0x00, 0x00, 0x1C, 0x3C, 0x6C, 0x6C, 0x6C, 0x6C, 0x6C, 0x6C, 0xFE, 0xC6, 0x00, 0x00, 0x00, 0x00,
    /*  407 U+0415 CYRILLIC CAPITAL LETTER IE */
    0x00, 0x00, 0x7E, 0xC0, 0xC0, 0xC0, 0xF8, 0xC0, 0xC0, 0xC0, 0xC0, 0x7E, 0x00, 0x00, 0x00, 0x00,
    /*  408 U+0416 CYRILLIC CAPITAL LETTER ZHE */
    0x00, 0x00, 0xD6, 0xD6, 0xD6, 0x7C, 0x38, 0x7C, 0xD6, 0xD6, 0xD6, 0xD6, 0x00, 0x00, 0x00, 0x00,
    /*  409 U+0417 CYRILLIC CAPITAL LETTER ZE */
    0x00, 0x00, 0xFC, 0x06, 0x06, 0x06, 0x3C, 0x06, 0x06, 0x06, 0x06, 0xFC, 0x00, 0x00, 0x00, 0x00,
    /*  410 U+0418 CYRILLIC CAPITAL LETTER I */
    0x00, 0x00, 0xC6, 0xC6, 0xCE, 0xCE, 0xD6, 0xD6, 0xE6, 0xE6, 0xC6, 0xC6, 0x00, 0x00, 0x00, 0x00,
    /*  411 U+0419 CYRILLIC CAPITAL LETTER SHORT I */
    0x6C, 0x38, 0x00, 0xC6, 0xCE, 0xCE, 0xD6, 0xD6, 0xE6, 0xE6, 0xC6, 0xC6, 0x00, 0x00, 0x00, 0x00,
    /*  412 U+041A CYRILLIC CAPITAL LETTER KA */
    0x00, 0x00, 0xC6, 0xC6, 0xC6, 0xCC, 0xF8, 0xCC, 0xC6, 0xC6, 0xC6, 0xC6, 0x00, 0x00, 0x00, 0x00,
    /*  413 U+041B CYRILLIC CAPITAL LETTER EL */
    0x00, 0x00, 0x7E, 0xC6, 0xC6, 0xC6, 0xC6, 0xC6, 0xC6, 0xC6, 0xC6, 0xC6, 0x00, 0x00, 0x00, 0x00,
    /*  414 U+041C CYRILLIC CAPITAL LETTER EM */
    0x00, 0x00, 0xC6, 0xEE, 0xFE, 0xD6, 0xC6, 0xC6, 0xC6, 0xC6, 0xC6, 0xC6, 0x00, 0x00, 0x00, 0x00,
    /*  415 U+041D CYRILLIC CAPITAL LETTER EN */
    0x00, 0x00, 0xC6, 0xC6, 0xC6, 0xC6, 0xFE, 0xC6, 0xC6, 0xC6, 0xC6, 0xC6, 0x00, 0x00, 0x00, 0x00,
    /*  416 U+041E CYRILLIC CAPITAL LETTER O */
    0x00, 0x00, 0x7C, 0xC6, 0xC6, 0xC6, 0xC6, 0xC6, 0xC6, 0xC6, 0xC6, 0x7C, 0x00, 0x00, 0x00, 0x00,
    /*  417 U+041F CYRILLIC CAPITAL LETTER PE */
    0x00, 0x00, 0xFE, 0xC6, 0xC6, 0xC6, 0xC6, 0xC6, 0xC6, 0xC6, 0xC6, 0xC6, 0x00, 0x00, 0x00, 0x00,
    /*  418 U+0420 CYRILLIC CAPITAL LETTER ER */
    0x00, 0x00, 0xFC, 0xC6, 0xC6, 0xC6, 0xFC, 0xC0, 0xC0, 0xC0, 0xC0, 0xC0, 0x00, 0x00, 0x00, 0x00,
    /*  419 U+0421 CYRILLIC CAPITAL LETTER ES */
    0x00, 0x00, 0x7E, 0xC0, 0xC0, 0xC0, 0xC0, 0xC0, 0xC0, 0xC0, 0xC0, 0x7E, 0x00, 0x00, 0x00, 0x00,
    /*  420 U+0422 CYRILLIC CAPITAL LETTER TE */
    0x00, 0x00, 0xFF, 0x18, 0x18, 0x18, 0x18, 0x18, 0x18, 0x18, 0x18, 0x18, 0x00, 0x00, 0x00, 0x00,
    /*  421 U+0423 CYRILLIC CAPITAL LETTER U */
    0x00, 0x00, 0xC6, 0xC6, 0xC6, 0xC6, 0x7E, 0x06, 0x06, 0x06, 0x06, 0xFC, 0x00, 0x00, 0x00, 0x00,
    /*  422 U+0424 CYRILLIC CAPITAL LETTER EF */
    0x00, 0x00, 0x10, 0x7C, 0xD6, 0xD6, 0xD6, 0xD6, 0xD6, 0xD6, 0x7C, 0x10, 0x00, 0x00, 0x00, 0x00,
    /*  423 U+0425 CYRILLIC CAPITAL LETTER HA */
    0x00, 0x00, 0xC6, 0xC6, 0xC6, 0x6C, 0x38, 0x6C, 0xC6, 0xC6, 0xC6, 0xC6, 0x00, 0x00, 0x00, 0x00,
    /*  424 U+0426 CYRILLIC CAPITAL LETTER TSE */
    0x00, 0x00, 0xC6, 0xC6, 0xC6, 0xC6, 0xC6, 0xC6, 0xC6, 0xC6, 0xC6, 0x7F, 0x03, 0x03, 0x06, 0x00,
    /*  425 U+0427 CYRILLIC CAPITAL LETTER CHE */
    0x00, 0x00, 0xC6, 0xC6, 0xC6, 0xC6, 0x7E, 0x06, 0x06, 0x06, 0x06, 0x06, 0x00, 0x00, 0x00, 0x00,
    /*  426 U+0428 CYRILLIC CAPITAL LETTER SHA */
    0x00, 0x00, 0xD6, 0xD6, 0xD6, 0xD6, 0xD6, 0xD6, 0xD6, 0xD6, 0xD6, 0x7C, 0x00, 0x00, 0x00, 0x00,
    /*  427 U+0429 CYRILLIC CAPITAL LETTER SHCHA */
    0x00, 0x00, 0xD6, 0xD6, 0xD6, 0xD6, 0xD6, 0xD6, 0xD6, 0xD6, 0xD6, 0x7F, 0x03, 0x03, 0x06, 0x00,
    /*  428 U+042A CYRILLIC CAPITAL LETTER HARD SIGN */
    0x00, 0x00, 0xF0, 0xF0, 0x30, 0x30, 0x3C, 0x36, 0x36, 0x36, 0x36, 0x3C, 0x00, 0x00, 0x00, 0x00,
    /*  429 U+042B CYRILLIC CAPITAL LETTER YERU */
    0x00, 0x00, 0xC6, 0xC6, 0xC6, 0xC6, 0xF6, 0xDE, 0xDE, 0xDE, 0xDE, 0xF6, 0x00, 0x00, 0x00, 0x00,
    /*  430 U+042C CYRILLIC CAPITAL LETTER SOFT SIGN */
    0x00, 0x00, 0x30, 0x30, 0x30, 0x30, 0x3C, 0x36, 0x36, 0x36, 0x36, 0x3C, 0x00, 0x00, 0x00, 0x00,
    /*  431 U+042D CYRILLIC CAPITAL LETTER E */
    0x00, 0x00, 0xFC, 0x06, 0x06, 0x06, 0x3E, 0x06, 0x06, 0x06, 0x06, 0xFC, 0x00, 0x00, 0x00, 0x00,
    /*  432 U+042E CYRILLIC CAPITAL LETTER YU */
    0x00, 0x00, 0xCC, 0xD6, 0xD6, 0xD6, 0xF6, 0xF6, 0xD6, 0xD6, 0xD6, 0xCC, 0x00, 0x00, 0x00, 0x00,
    /*  433 U+042F CYRILLIC CAPITAL LETTER YA */
    0x00, 0x00, 0x7E, 0xC6, 0xC6, 0xC6, 0x7E, 0xC6, 0xC6, 0xC6, 0xC6, 0xC6, 0x00, 0x00, 0x00, 0x00,
    /*  434 U+0430 CYRILLIC SMALL LETTER A */
    0x00, 0x00, 0x00, 0x00, 0x00, 0x7C, 0x06, 0x7E, 0xC6, 0xC6, 0xC6, 0x7E, 0x00, 0x00, 0x00, 0x00,
    /*  435 U+0431 CYRILLIC SMALL LETTER BE */
    0x00, 0x00, 0x00, 0x00, 0x00, 0x7C, 0xC0, 0xFC, 0xC6, 0xC6, 0xC6, 0x7C, 0x00, 0x00, 0x00, 0x00,
    /*  436 U+0432 CYRILLIC SMALL LETTER VE */
    0x00, 0x00, 0x70, 0xD8, 0xD8, 0xD8, 0xFC, 0xC6, 0xC6, 0xC6, 0xC6, 0x7C, 0x00, 0x00, 0x00, 0x00,
    /*  437 U+0433 CYRILLIC SMALL LETTER GHE */
    0x00, 0x00, 0x00, 0x00, 0x00, 0xFC, 0x06, 0x06, 0x7C, 0xC0, 0xC0, 0x7E, 0x00, 0x00, 0x00, 0x00,
    /*  438 U+0434 CYRILLIC SMALL LETTER DE */
    0x00, 0x00, 0x00, 0x00, 0x00, 0x7E, 0xC6, 0xC6, 0xC6, 0xC6, 0xC6, 0x7E, 0x06, 0x06, 0xFC, 0x00,
    /*  439 U+0435 CYRILLIC SMALL LETTER IE */
    0x00, 0x00, 0x00, 0x00, 0x00, 0x7E, 0xC6, 0xC6, 0xFE, 0xC0, 0xC0, 0x7E, 0x00, 0x00, 0x00, 0x00,
    /*  440 U+0436 CYRILLIC SMALL LETTER ZHE */
    0x00, 0x00, 0x00, 0x00, 0x00, 0xD6, 0x7C, 0x38, 0x38, 0x7C, 0xD6, 0xD6, 0x00, 0x00, 0x00, 0x00,
    /*  441 U+0437 CYRILLIC SMALL LETTER ZE */
    0x00, 0x00, 0x00, 0x00, 0x00, 0xFC, 0x06, 0x06, 0x3C, 0x06, 0x06, 0xFC, 0x00, 0x00, 0x00, 0x00,
    /*  442 U+0438 CYRILLIC SMALL LETTER I */
    0x00, 0x00, 0x00, 0x00, 0x00, 0xC6, 0xC6, 0xC6, 0xC6, 0xC6, 0xC6, 0x7E, 0x00, 0x00, 0x00, 0x00,
    /*  443 U+0439 CYRILLIC SMALL LETTER SHORT I */
    0x00, 0x6C, 0x6C, 0x38, 0x00, 0xC6, 0xC6, 0xC6, 0xC6, 0xC6, 0xC6, 0x7E, 0x00, 0x00, 0x00, 0x00,
    /*  444 U+043A CYRILLIC SMALL LETTER KA */
    0x00, 0x00, 0x00, 0x00, 0x00, 0xCC, 0xCC, 0xD8, 0xF0, 0xF0, 0xD8, 0xCC, 0x00, 0x00, 0x00, 0x00,
    /*  445 U+043B CYRILLIC SMALL LETTER EL */
    0x00, 0x00, 0x00, 0x00, 0x00, 0x7E, 0xC6, 0xC6, 0xC6, 0xC6, 0xC6, 0xC6, 0x00, 0x00, 0x00, 0x00,
    /*  446 U+043C CYRILLIC SMALL LETTER EM */
    0x00, 0x00, 0x00, 0x00, 0x00, 0xC6, 0xEE, 0xFE, 0xD6, 0xC6, 0xC6, 0xC6, 0x00, 0x00, 0x00, 0x00,
    /*  447 U+043D CYRILLIC SMALL LETTER EN */
    0x00, 0x00, 0x00, 0x00, 0x00, 0xC6, 0xC6, 0xC6, 0xFE, 0xC6, 0xC6, 0xC6, 0x00, 0x00, 0x00, 0x00,
    /*  448 U+043E CYRILLIC SMALL LETTER O */
    0x00, 0x00, 0x00, 0x00, 0x00, 0x7C, 0xC6, 0xC6, 0xC6, 0xC6, 0xC6, 0x7C, 0x00, 0x00, 0x00, 0x00,
    /*  449 U+043F CYRILLIC SMALL LETTER PE */
    0x00, 0x00, 0x00, 0x00, 0x00, 0xFC, 0xC6, 0xC6, 0xC6, 0xC6, 0xC6, 0xC6, 0x00, 0x00, 0x00, 0x00,
    /*  450 U+0440 CYRILLIC SMALL LETTER ER */
    0x00, 0x00, 0x00, 0x00, 0x00, 0xFC, 0xC6, 0xC6, 0xC6, 0xC6, 0xC6, 0xFC, 0xC0, 0xC0, 0xC0, 0x00,
    /*  451 U+0441 CYRILLIC SMALL LETTER ES */
    0x00, 0x00, 0x00, 0x00, 0x00, 0x7E, 0xC0, 0xC0, 0xC0, 0xC0, 0xC0, 0x7E, 0x00, 0x00, 0x00, 0x00,
    /*  452 U+0442 CYRILLIC SMALL LETTER TE */
    0x00, 0x00, 0x00, 0x00, 0x00, 0xEC, 0xD6, 0xD6, 0xD6, 0xD6, 0xC6, 0xC6, 0x00, 0x00, 0x00, 0x00,
    /*  453 U+0443 CYRILLIC SMALL LETTER U */
    0x00, 0x00, 0x00, 0x00, 0x00, 0xC6, 0xC6, 0xC6, 0xC6, 0xC6, 0xC6, 0x7E, 0x06, 0x06, 0xFC, 0x00,
    /*  454 U+0444 CYRILLIC SMALL LETTER EF */
    0x00, 0x00, 0x00, 0x00, 0x00, 0x7C, 0xD6, 0xD6, 0xD6, 0xD6, 0xD6, 0x7C, 0x10, 0x10, 0x00, 0x00,
    /*  455 U+0445 CYRILLIC SMALL LETTER HA */
    0x00, 0x00, 0x00, 0x00, 0x00, 0xC6, 0x6C, 0x38, 0x38, 0x6C, 0xC6, 0xC6, 0x00, 0x00, 0x00, 0x00,
    /*  456 U+0446 CYRILLIC SMALL LETTER TSE */
    0x00, 0x00, 0x00, 0x00, 0x00, 0xC6, 0xC6, 0xC6, 0xC6, 0xC6, 0xC6, 0x7F, 0x03, 0x03, 0x06, 0x00,
    /*  457 U+0447 CYRILLIC SMALL LETTER CHE */
    0x00, 0x00, 0x00, 0x00, 0x00, 0xC6, 0xC6, 0xC6, 0x7E, 0x06, 0x06, 0x06, 0x00, 0x00, 0x00, 0x00,
    /*  458 U+0448 CYRILLIC SMALL LETTER SHA */
    0x00, 0x00, 0x00, 0x00, 0x00, 0xC6, 0xC6, 0xD6, 0xD6, 0xD6, 0xD6, 0x6E, 0x00, 0x00, 0x00, 0x00,
    /*  459 U+0449 CYRILLIC SMALL LETTER SHCHA */
    0x00, 0x00, 0x00, 0x00, 0x00, 0xC6, 0xC6, 0xD6, 0xD6, 0xD6, 0xD6, 0x6F, 0x03, 0x03, 0x06, 0x00,
    /*  460 U+044A CYRILLIC SMALL LETTER HARD SIGN */
    0x00, 0x00, 0x00, 0x00, 0x00, 0xF0, 0x30, 0x3C, 0x36, 0x36, 0x36, 0x3C, 0x00, 0x00, 0x00, 0x00,
    /*  461 U+044B CYRILLIC SMALL LETTER YERU */
    0x00, 0x00, 0x00, 0x00, 0x00, 0xC6, 0xC6, 0xF6, 0xDE, 0xDE, 0xDE, 0xF6, 0x00, 0x00, 0x00, 0x00,
    /*  462 U+044C CYRILLIC SMALL LETTER SOFT SIGN */
    0x00, 0x00, 0x00, 0x00, 0x00, 0x30, 0x30, 0x3C, 0x36, 0x36, 0x36, 0x3C, 0x00, 0x00, 0x00, 0x00,
    /*  463 U+044D CYRILLIC SMALL LETTER E */
    0x00, 0x00, 0x00, 0x00, 0x00, 0xFC, 0x06, 0x06, 0x3E, 0x06, 0x06, 0xFC, 0x00, 0x00, 0x00, 0x00,
    /*  464 U+044E CYRILLIC SMALL LETTER YU */
    0x00, 0x00, 0x00, 0x00, 0x00, 0xCC, 0xD6, 0xD6, 0xF6, 0xD6, 0xD6, 0xCC, 0x00, 0x00, 0x00, 0x00,
    /*  465 U+044F CYRILLIC SMALL LETTER YA */
    0x00, 0x00, 0x00, 0x00, 0x00, 0x7E, 0xC6, 0xC6, 0x7E, 0xC6, 0xC6, 0xC6, 0x00, 0x00, 0x00, 0x00,
    /*  466 U+0451 CYRILLIC SMALL LETTER IO */
    0x00, 0x00, 0x6C, 0x6C, 0x00, 0x7E, 0xC6, 0xC6, 0xFE, 0xC0, 0xC0, 0x7E, 0x00, 0x00, 0x00, 0x00,
    /*  467 U+0456 CYRILLIC SMALL LETTER BYELORUSSIAN-UKRAINIAN */
    0x00, 0x00, 0x18, 0x18, 0x00, 0x38, 0x18, 0x18, 0x18, 0x18, 0x18, 0x1C, 0x00, 0x00, 0x00, 0x00,
    /*  468 U+0457 CYRILLIC SMALL LETTER YI */
    0x00, 0x00, 0x66, 0x66, 0x00, 0x38, 0x18, 0x18, 0x18, 0x18, 0x18, 0x1C, 0x00, 0x00, 0x00, 0x00,
    /*  469 U+045E CYRILLIC SMALL LETTER SHORT U */
    0x00, 0x6C, 0x6C, 0x38, 0x00, 0xC6, 0xC6, 0xC6, 0xC6, 0xC6, 0xC6, 0x7E, 0x06, 0x06, 0xFC, 0x00,
    /*  470 U+0490 CYRILLIC CAPITAL LETTER GHE WITH UPTURN */
    0x00, 0x00, 0x06, 0x06, 0x7C, 0xC0, 0xC0, 0xC0, 0xC0, 0xC0, 0xC0, 0xC0, 0x00, 0x00, 0x00, 0x00,
    /*  471 U+0491 CYRILLIC SMALL LETTER GHE WITH UPTURN */
    0x00, 0x00, 0x00, 0x00, 0x06, 0x06, 0x7C, 0xC0, 0xC0, 0xC0, 0xC0, 0xC0, 0x00, 0x00, 0x00, 0x00,
    /*  472 U+2013 EN DASH (fable-os) */
    0x00, 0x00, 0x00, 0x00, 0x00, 0x00, 0x00, 0x7E, 0x00, 0x00, 0x00, 0x00, 0x00, 0x00, 0x00, 0x00,
    /*  473 U+2014 EM DASH (fable-os) */
    0x00, 0x00, 0x00, 0x00, 0x00, 0x00, 0x00, 0xFF, 0x00, 0x00, 0x00, 0x00, 0x00, 0x00, 0x00, 0x00,
    /*  474 U+2016 DOUBLE VERTICAL LINE */
    0x00, 0x66, 0x66, 0x66, 0x66, 0x66, 0x66, 0x66, 0x66, 0x66, 0x66, 0x66, 0x66, 0x00, 0x00, 0x00,
    /*  475 U+2018 LEFT SINGLE QUOTATION MARK (fable-os) */
    0x00, 0x00, 0x60, 0x30, 0x18, 0x00, 0x00, 0x00, 0x00, 0x00, 0x00, 0x00, 0x00, 0x00, 0x00, 0x00,
    /*  476 U+2019 RIGHT SINGLE QUOTATION MARK (fable-os) */
    0x00, 0x00, 0x18, 0x30, 0x60, 0x00, 0x00, 0x00, 0x00, 0x00, 0x00, 0x00, 0x00, 0x00, 0x00, 0x00,
    /*  477 U+201C LEFT DOUBLE QUOTATION MARK (fable-os) */
    0x00, 0x00, 0xD8, 0x6C, 0x36, 0x00, 0x00, 0x00, 0x00, 0x00, 0x00, 0x00, 0x00, 0x00, 0x00, 0x00,
    /*  478 U+201D RIGHT DOUBLE QUOTATION MARK (fable-os) */
    0x00, 0x00, 0x36, 0x6C, 0xD8, 0x00, 0x00, 0x00, 0x00, 0x00, 0x00, 0x00, 0x00, 0x00, 0x00, 0x00,
    /*  479 U+2022 BULLET */
    0x00, 0x00, 0x00, 0x00, 0x00, 0x00, 0x18, 0x3C, 0x3C, 0x18, 0x00, 0x00, 0x00, 0x00, 0x00, 0x00,
    /*  480 U+2026 HORIZONTAL ELLIPSIS */
    0x00, 0x00, 0x00, 0x00, 0x00, 0x00, 0x00, 0x00, 0x00, 0x00, 0xDB, 0xDB, 0x00, 0x00, 0x00, 0x00,
    /*  481 U+2039 SINGLE LEFT-POINTING ANGLE QUOTATION MARK */
    0x00, 0x00, 0x00, 0x00, 0x00, 0x00, 0x0C, 0x18, 0x30, 0x18, 0x0C, 0x00, 0x00, 0x00, 0x00, 0x00,
    /*  482 U+203A SINGLE RIGHT-POINTING ANGLE QUOTATION MARK */
    0x00, 0x00, 0x00, 0x00, 0x00, 0x00, 0x30, 0x18, 0x0C, 0x18, 0x30, 0x00, 0x00, 0x00, 0x00, 0x00,
    /*  483 U+203C DOUBLE EXCLAMATION MARK */
    0x00, 0x00, 0x66, 0x66, 0x66, 0x66, 0x66, 0x66, 0x66, 0x00, 0x66, 0x66, 0x00, 0x00, 0x00, 0x00,
    /*  484 U+207F SUPERSCRIPT LATIN SMALL LETTER N */
    0x00, 0x78, 0x6C, 0x6C, 0x6C, 0x6C, 0x6C, 0x00, 0x00, 0x00, 0x00, 0x00, 0x00, 0x00, 0x00, 0x00,
    /*  485 U+20A7 PESETA SIGN */
    0x00, 0xF8, 0xCC, 0xCC, 0xF8, 0xC0, 0xCC, 0xDE, 0xCC, 0xCC, 0xCC, 0xC6, 0x00, 0x00, 0x00, 0x00,
    /*  486 U+20AC EURO SIGN */
    0x00, 0x00, 0x00, 0x1C, 0x36, 0x60, 0xF8, 0x60, 0xF8, 0x60, 0x36, 0x1C, 0x00, 0x00, 0x00, 0x00,
    /*  487 U+2190 LEFTWARDS ARROW */
    0x00, 0x00, 0x00, 0x00, 0x00, 0x20, 0x40, 0xFE, 0x40, 0x20, 0x00, 0x00, 0x00, 0x00, 0x00, 0x00,
    /*  488 U+2191 UPWARDS ARROW */
    0x00, 0x00, 0x18, 0x3C, 0x5A, 0x18, 0x18, 0x18, 0x18, 0x18, 0x18, 0x18, 0x00, 0x00, 0x00, 0x00,
    /*  489 U+2192 RIGHTWARDS ARROW */
    0x00, 0x00, 0x00, 0x00, 0x00, 0x08, 0x04, 0xFE, 0x04, 0x08, 0x00, 0x00, 0x00, 0x00, 0x00, 0x00,
    /*  490 U+2193 DOWNWARDS ARROW */
    0x00, 0x00, 0x18, 0x18, 0x18, 0x18, 0x18, 0x18, 0x18, 0x5A, 0x3C, 0x18, 0x00, 0x00, 0x00, 0x00,
    /*  491 U+2194 LEFT RIGHT ARROW */
    0x00, 0x00, 0x00, 0x00, 0x00, 0x28, 0x44, 0xFE, 0x44, 0x28, 0x00, 0x00, 0x00, 0x00, 0x00, 0x00,
    /*  492 U+2195 UP DOWN ARROW */
    0x00, 0x00, 0x18, 0x3C, 0x5A, 0x18, 0x18, 0x18, 0x18, 0x5A, 0x3C, 0x18, 0x00, 0x00, 0x00, 0x00,
    /*  493 U+21A8 UP DOWN ARROW WITH BASE */
    0x00, 0x00, 0x18, 0x3C, 0x5A, 0x18, 0x18, 0x18, 0x18, 0x5A, 0x3C, 0x18, 0x7E, 0x00, 0x00, 0x00,
    /*  494 U+2219 BULLET OPERATOR */
    0x00, 0x00, 0x00, 0x00, 0x00, 0x00, 0x38, 0x38, 0x38, 0x00, 0x00, 0x00, 0x00, 0x00, 0x00, 0x00,
    /*  495 U+221A SQUARE ROOT */
    0x00, 0x0F, 0x0C, 0x0C, 0x0C, 0x0C, 0x0C, 0xCC, 0x6C, 0x3C, 0x1C, 0x0C, 0x00, 0x00, 0x00, 0x00,
    /*  496 U+221E INFINITY */
    0x00, 0x00, 0x00, 0x00, 0x00, 0x7E, 0xDB, 0xDB, 0xDB, 0x7E, 0x00, 0x00, 0x00, 0x00, 0x00, 0x00,
    /*  497 U+221F CP437 0x1C */
    0x00, 0x00, 0x00, 0x00, 0x00, 0x00, 0xC0, 0xC0, 0xC0, 0xFE, 0x00, 0x00, 0x00, 0x00, 0x00, 0x00,
    /*  498 U+2229 INTERSECTION */
    0x00, 0x00, 0x00, 0x7C, 0xC6, 0xC6, 0xC6, 0xC6, 0xC6, 0xC6, 0xC6, 0xC6, 0x00, 0x00, 0x00, 0x00,
    /*  499 U+222A UNION */
    0x00, 0x00, 0x00, 0xC6, 0xC6, 0xC6, 0xC6, 0xC6, 0xC6, 0xC6, 0xC6, 0x7C, 0x00, 0x00, 0x00, 0x00,
    /*  500 U+2248 ALMOST EQUAL TO */
    0x00, 0x00, 0x00, 0x00, 0x00, 0x32, 0x4C, 0x00, 0x32, 0x4C, 0x00, 0x00, 0x00, 0x00, 0x00, 0x00,
    /*  501 U+2261 IDENTICAL TO */
    0x00, 0x00, 0x00, 0x00, 0x7E, 0x00, 0x00, 0x7E, 0x00, 0x00, 0x7E, 0x00, 0x00, 0x00, 0x00, 0x00,
    /*  502 U+2264 LESS-THAN OR EQUAL TO */
    0x00, 0x00, 0x00, 0x00, 0x00, 0x0C, 0x18, 0x30, 0x18, 0x0C, 0x00, 0x3C, 0x00, 0x00, 0x00, 0x00,
    /*  503 U+2265 GREATER-THAN OR EQUAL TO */
    0x00, 0x00, 0x00, 0x00, 0x00, 0x30, 0x18, 0x0C, 0x18, 0x30, 0x00, 0x3C, 0x00, 0x00, 0x00, 0x00,
    /*  504 U+2302 HOUSE */
    0x00, 0x00, 0x00, 0x00, 0x10, 0x38, 0x6C, 0xC6, 0xC6, 0xC6, 0xFE, 0x00, 0x00, 0x00, 0x00, 0x00,
    /*  505 U+2310 REVERSED NOT SIGN */
    0x00, 0x00, 0x00, 0x00, 0x00, 0x00, 0xFE, 0xC0, 0xC0, 0xC0, 0x00, 0x00, 0x00, 0x00, 0x00, 0x00,
    /*  506 U+2319 TURNED NOT SIGN */
    0x00, 0x00, 0x00, 0x00, 0x00, 0x00, 0xC0, 0xC0, 0xC0, 0xFE, 0x00, 0x00, 0x00, 0x00, 0x00, 0x00,
    /*  507 U+2320 TOP HALF INTEGRAL */
    0x00, 0x00, 0x0E, 0x1B, 0x1B, 0x18, 0x18, 0x18, 0x18, 0x18, 0x18, 0x18, 0x18, 0x18, 0x18, 0x18,
    /*  508 U+2321 BOTTOM HALF INTEGRAL */
    0x18, 0x18, 0x18, 0x18, 0x18, 0x18, 0x18, 0x18, 0x18, 0xD8, 0xD8, 0x70, 0x00, 0x00, 0x00, 0x00,
    /*  509 U+2500 BOX DRAWINGS LIGHT HORIZONTAL */
    0x00, 0x00, 0x00, 0x00, 0x00, 0x00, 0x00, 0xFF, 0x00, 0x00, 0x00, 0x00, 0x00, 0x00, 0x00, 0x00,
    /*  510 U+2501 BOX DRAWINGS HEAVY HORIZONTAL */
    0x00, 0x00, 0x00, 0x00, 0x00, 0x00, 0x00, 0xFF, 0xFF, 0x00, 0x00, 0x00, 0x00, 0x00, 0x00, 0x00,
    /*  511 U+2502 BOX DRAWINGS LIGHT VERTICAL */
    0x18, 0x18, 0x18, 0x18, 0x18, 0x18, 0x18, 0x18, 0x18, 0x18, 0x18, 0x18, 0x18, 0x18, 0x18, 0x18,
    /*  512 U+2503 BOX DRAWINGS HEAVY VERTICAL */
    0x1C, 0x1C, 0x1C, 0x1C, 0x1C, 0x1C, 0x1C, 0x1C, 0x1C, 0x1C, 0x1C, 0x1C, 0x1C, 0x1C, 0x1C, 0x1C,
    /*  513 U+2504 BOX DRAWINGS LIGHT TRIPLE DASH HORIZONTAL */
    0x00, 0x00, 0x00, 0x00, 0x00, 0x00, 0x00, 0xDB, 0x00, 0x00, 0x00, 0x00, 0x00, 0x00, 0x00, 0x00,
    /*  514 U+2505 BOX DRAWINGS HEAVY TRIPLE DASH HORIZONTAL */
    0x00, 0x00, 0x00, 0x00, 0x00, 0x00, 0x00, 0xDB, 0xDB, 0x00, 0x00, 0x00, 0x00, 0x00, 0x00, 0x00,
    /*  515 U+2506 BOX DRAWINGS LIGHT TRIPLE DASH VERTICAL */
    0x00, 0x18, 0x18, 0x18, 0x00, 0x00, 0x18, 0x18, 0x18, 0x00, 0x00, 0x18, 0x18, 0x18, 0x00, 0x00,
    /*  516 U+2507 BOX DRAWINGS HEAVY TRIPLE DASH VERTICAL */
    0x00, 0x1C, 0x1C, 0x1C, 0x00, 0x00, 0x1C, 0x1C, 0x1C, 0x00, 0x00, 0x1C, 0x1C, 0x1C, 0x00, 0x00,
    /*  517 U+2508 BOX DRAWINGS LIGHT QUADRUPLE DASH HORIZONTAL */
    0x00, 0x00, 0x00, 0x00, 0x00, 0x00, 0x00, 0xAA, 0x00, 0x00, 0x00, 0x00, 0x00, 0x00, 0x00, 0x00,
    /*  518 U+2509 BOX DRAWINGS HEAVY QUADRUPLE DASH HORIZONTAL */
    0x00, 0x00, 0x00, 0x00, 0x00, 0x00, 0x00, 0xAA, 0xAA, 0x00, 0x00, 0x00, 0x00, 0x00, 0x00, 0x00,
    /*  519 U+250A BOX DRAWINGS LIGHT QUADRUPLE DASH VERTICAL */
    0x00, 0x18, 0x18, 0x00, 0x00, 0x18, 0x18, 0x00, 0x00, 0x18, 0x18, 0x00, 0x00, 0x18, 0x18, 0x00,
    /*  520 U+250B BOX DRAWINGS HEAVY QUADRUPLE DASH VERTICAL */
    0x00, 0x1C, 0x1C, 0x00, 0x00, 0x1C, 0x1C, 0x00, 0x00, 0x1C, 0x1C, 0x00, 0x00, 0x1C, 0x1C, 0x00,
    /*  521 U+250C BOX DRAWINGS LIGHT DOWN AND RIGHT */
    0x00, 0x00, 0x00, 0x00, 0x00, 0x00, 0x00, 0x1F, 0x18, 0x18, 0x18, 0x18, 0x18, 0x18, 0x18, 0x18,
    /*  522 U+250D BOX DRAWINGS DOWN LIGHT AND RIGHT HEAVY */
    0x00, 0x00, 0x00, 0x00, 0x00, 0x00, 0x00, 0x1F, 0x1F, 0x18, 0x18, 0x18, 0x18, 0x18, 0x18, 0x18,
    /*  523 U+250E BOX DRAWINGS DOWN HEAVY AND RIGHT LIGHT */
    0x00, 0x00, 0x00, 0x00, 0x00, 0x00, 0x00, 0x1F, 0x1C, 0x1C, 0x1C, 0x1C, 0x1C, 0x1C, 0x1C, 0x1C,
    /*  524 U+250F BOX DRAWINGS HEAVY DOWN AND RIGHT */
    0x00, 0x00, 0x00, 0x00, 0x00, 0x00, 0x00, 0x1F, 0x1F, 0x1C, 0x1C, 0x1C, 0x1C, 0x1C, 0x1C, 0x1C,
    /*  525 U+2510 BOX DRAWINGS LIGHT DOWN AND LEFT */
    0x00, 0x00, 0x00, 0x00, 0x00, 0x00, 0x00, 0xF8, 0x18, 0x18, 0x18, 0x18, 0x18, 0x18, 0x18, 0x18,
    /*  526 U+2511 BOX DRAWINGS DOWN LIGHT AND LEFT HEAVY */
    0x00, 0x00, 0x00, 0x00, 0x00, 0x00, 0x00, 0xF8, 0xF8, 0x18, 0x18, 0x18, 0x18, 0x18, 0x18, 0x18,
    /*  527 U+2512 BOX DRAWINGS DOWN HEAVY AND LEFT LIGHT */
    0x00, 0x00, 0x00, 0x00, 0x00, 0x00, 0x00, 0xFC, 0x1C, 0x1C, 0x1C, 0x1C, 0x1C, 0x1C, 0x1C, 0x1C,
    /*  528 U+2513 BOX DRAWINGS HEAVY DOWN AND LEFT */
    0x00, 0x00, 0x00, 0x00, 0x00, 0x00, 0x00, 0xFC, 0xFC, 0x1C, 0x1C, 0x1C, 0x1C, 0x1C, 0x1C, 0x1C,
    /*  529 U+2514 BOX DRAWINGS LIGHT UP AND RIGHT */
    0x18, 0x18, 0x18, 0x18, 0x18, 0x18, 0x18, 0x1F, 0x00, 0x00, 0x00, 0x00, 0x00, 0x00, 0x00, 0x00,
    /*  530 U+2515 BOX DRAWINGS UP LIGHT AND RIGHT HEAVY */
    0x18, 0x18, 0x18, 0x18, 0x18, 0x18, 0x18, 0x1F, 0x1F, 0x00, 0x00, 0x00, 0x00, 0x00, 0x00, 0x00,
    /*  531 U+2516 BOX DRAWINGS UP HEAVY AND RIGHT LIGHT */
    0x1C, 0x1C, 0x1C, 0x1C, 0x1C, 0x1C, 0x1C, 0x1F, 0x00, 0x00, 0x00, 0x00, 0x00, 0x00, 0x00, 0x00,
    /*  532 U+2517 BOX DRAWINGS HEAVY UP AND RIGHT */
    0x1C, 0x1C, 0x1C, 0x1C, 0x1C, 0x1C, 0x1C, 0x1F, 0x1F, 0x00, 0x00, 0x00, 0x00, 0x00, 0x00, 0x00,
    /*  533 U+2518 BOX DRAWINGS LIGHT UP AND LEFT */
    0x18, 0x18, 0x18, 0x18, 0x18, 0x18, 0x18, 0xF8, 0x00, 0x00, 0x00, 0x00, 0x00, 0x00, 0x00, 0x00,
    /*  534 U+2519 BOX DRAWINGS UP LIGHT AND LEFT HEAVY */
    0x18, 0x18, 0x18, 0x18, 0x18, 0x18, 0x18, 0xF8, 0xF8, 0x00, 0x00, 0x00, 0x00, 0x00, 0x00, 0x00,
    /*  535 U+251A BOX DRAWINGS UP HEAVY AND LEFT LIGHT */
    0x1C, 0x1C, 0x1C, 0x1C, 0x1C, 0x1C, 0x1C, 0xFC, 0x00, 0x00, 0x00, 0x00, 0x00, 0x00, 0x00, 0x00,
    /*  536 U+251B BOX DRAWINGS HEAVY UP AND LEFT */
    0x1C, 0x1C, 0x1C, 0x1C, 0x1C, 0x1C, 0x1C, 0xFC, 0xFC, 0x00, 0x00, 0x00, 0x00, 0x00, 0x00, 0x00,
    /*  537 U+251C BOX DRAWINGS LIGHT VERTICAL AND RIGHT */
    0x18, 0x18, 0x18, 0x18, 0x18, 0x18, 0x18, 0x1F, 0x18, 0x18, 0x18, 0x18, 0x18, 0x18, 0x18, 0x18,
    /*  538 U+251D BOX DRAWINGS VERTICAL LIGHT AND RIGHT HEAVY */
    0x18, 0x18, 0x18, 0x18, 0x18, 0x18, 0x18, 0x1F, 0x1F, 0x18, 0x18, 0x18, 0x18, 0x18, 0x18, 0x18,
    /*  539 U+251E BOX DRAWINGS UP HEAVY AND RIGHT DOWN LIGHT */
    0x1C, 0x1C, 0x1C, 0x1C, 0x1C, 0x1C, 0x1C, 0x1F, 0x18, 0x18, 0x18, 0x18, 0x18, 0x18, 0x18, 0x18,
    /*  540 U+251F BOX DRAWINGS DOWN HEAVY AND RIGHT UP LIGHT */
    0x18, 0x18, 0x18, 0x18, 0x18, 0x18, 0x18, 0x1F, 0x1C, 0x1C, 0x1C, 0x1C, 0x1C, 0x1C, 0x1C, 0x1C,
    /*  541 U+2520 BOX DRAWINGS VERTICAL HEAVY AND RIGHT LIGHT */
    0x1C, 0x1C, 0x1C, 0x1C, 0x1C, 0x1C, 0x1C, 0x1F, 0x1C, 0x1C, 0x1C, 0x1C, 0x1C, 0x1C, 0x1C, 0x1C,
    /*  542 U+2521 BOX DRAWINGS DOWN LIGHT AND RIGHT UP HEAVY */
    0x1C, 0x1C, 0x1C, 0x1C, 0x1C, 0x1C, 0x1C, 0x1F, 0x1F, 0x18, 0x18, 0x18, 0x18, 0x18, 0x18, 0x18,
    /*  543 U+2522 BOX DRAWINGS UP LIGHT AND RIGHT DOWN HEAVY */
    0x18, 0x18, 0x18, 0x18, 0x18, 0x18, 0x18, 0x1F, 0x1F, 0x1C, 0x1C, 0x1C, 0x1C, 0x1C, 0x1C, 0x1C,
    /*  544 U+2523 BOX DRAWINGS HEAVY VERTICAL AND RIGHT */
    0x1C, 0x1C, 0x1C, 0x1C, 0x1C, 0x1C, 0x1C, 0x1F, 0x1F, 0x1C, 0x1C, 0x1C, 0x1C, 0x1C, 0x1C, 0x1C,
    /*  545 U+2524 BOX DRAWINGS LIGHT VERTICAL AND LEFT */
    0x18, 0x18, 0x18, 0x18, 0x18, 0x18, 0x18, 0xF8, 0x18, 0x18, 0x18, 0x18, 0x18, 0x18, 0x18, 0x18,
    /*  546 U+2525 BOX DRAWINGS VERTICAL LIGHT AND LEFT HEAVY */
    0x18, 0x18, 0x18, 0x18, 0x18, 0x18, 0x18, 0xF8, 0xF8, 0x18, 0x18, 0x18, 0x18, 0x18, 0x18, 0x18,
    /*  547 U+2526 BOX DRAWINGS UP HEAVY AND LEFT DOWN LIGHT */
    0x1C, 0x1C, 0x1C, 0x1C, 0x1C, 0x1C, 0x1C, 0xFC, 0x18, 0x18, 0x18, 0x18, 0x18, 0x18, 0x18, 0x18,
    /*  548 U+2527 BOX DRAWINGS DOWN HEAVY AND LEFT UP LIGHT */
    0x18, 0x18, 0x18, 0x18, 0x18, 0x18, 0x18, 0xFC, 0x1C, 0x1C, 0x1C, 0x1C, 0x1C, 0x1C, 0x1C, 0x1C,
    /*  549 U+2528 BOX DRAWINGS VERTICAL HEAVY AND LEFT LIGHT */
    0x1C, 0x1C, 0x1C, 0x1C, 0x1C, 0x1C, 0x1C, 0xFC, 0x1C, 0x1C, 0x1C, 0x1C, 0x1C, 0x1C, 0x1C, 0x1C,
    /*  550 U+2529 BOX DRAWINGS DOWN LIGHT AND LEFT UP HEAVY */
    0x1C, 0x1C, 0x1C, 0x1C, 0x1C, 0x1C, 0x1C, 0xFC, 0xFC, 0x18, 0x18, 0x18, 0x18, 0x18, 0x18, 0x18,
    /*  551 U+252A BOX DRAWINGS UP LIGHT AND LEFT DOWN HEAVY */
    0x18, 0x18, 0x18, 0x18, 0x18, 0x18, 0x18, 0xFC, 0xFC, 0x1C, 0x1C, 0x1C, 0x1C, 0x1C, 0x1C, 0x1C,
    /*  552 U+252B BOX DRAWINGS HEAVY VERTICAL AND LEFT */
    0x1C, 0x1C, 0x1C, 0x1C, 0x1C, 0x1C, 0x1C, 0xFC, 0xFC, 0x1C, 0x1C, 0x1C, 0x1C, 0x1C, 0x1C, 0x1C,
    /*  553 U+252C BOX DRAWINGS LIGHT DOWN AND HORIZONTAL */
    0x00, 0x00, 0x00, 0x00, 0x00, 0x00, 0x00, 0xFF, 0x18, 0x18, 0x18, 0x18, 0x18, 0x18, 0x18, 0x18,
    /*  554 U+252D BOX DRAWINGS LEFT HEAVY AND RIGHT DOWN LIGHT */
    0x00, 0x00, 0x00, 0x00, 0x00, 0x00, 0x00, 0xF8, 0xFF, 0x18, 0x18, 0x18, 0x18, 0x18, 0x18, 0x18,
    /*  555 U+252E BOX DRAWINGS RIGHT HEAVY AND LEFT DOWN LIGHT */
    0x00, 0x00, 0x00, 0x00, 0x00, 0x00, 0x00, 0x1F, 0xFF, 0x18, 0x18, 0x18, 0x18, 0x18, 0x18, 0x18,
    /*  556 U+252F BOX DRAWINGS DOWN LIGHT AND HORIZONTAL HEAVY */
    0x00, 0x00, 0x00, 0x00, 0x00, 0x00, 0x00, 0xFF, 0xFF, 0x18, 0x18, 0x18, 0x18, 0x18, 0x18, 0x18,
    /*  557 U+2530 BOX DRAWINGS DOWN HEAVY AND HORIZONTAL LIGHT */
    0x00, 0x00, 0x00, 0x00, 0x00, 0x00, 0x00, 0xFF, 0x1C, 0x1C, 0x1C, 0x1C, 0x1C, 0x1C, 0x1C, 0x1C,
    /*  558 U+2531 BOX DRAWINGS RIGHT LIGHT AND LEFT DOWN HEAVY */
    0x00, 0x00, 0x00, 0x00, 0x00, 0x00, 0x00, 0xFF, 0xFC, 0x1C, 0x1C, 0x1C, 0x1C, 0x1C, 0x1C, 0x1C,
    /*  559 U+2532 BOX DRAWINGS LEFT LIGHT AND RIGHT DOWN HEAVY */
    0x00, 0x00, 0x00, 0x00, 0x00, 0x00, 0x00, 0xFF, 0x1F, 0x1C, 0x1C, 0x1C, 0x1C, 0x1C, 0x1C, 0x1C,
    /*  560 U+2533 BOX DRAWINGS HEAVY DOWN AND HORIZONTAL */
    0x00, 0x00, 0x00, 0x00, 0x00, 0x00, 0x00, 0xFF, 0xFF, 0x1C, 0x1C, 0x1C, 0x1C, 0x1C, 0x1C, 0x1C,
    /*  561 U+2534 BOX DRAWINGS LIGHT UP AND HORIZONTAL */
    0x18, 0x18, 0x18, 0x18, 0x18, 0x18, 0x18, 0xFF, 0x00, 0x00, 0x00, 0x00, 0x00, 0x00, 0x00, 0x00,
    /*  562 U+2535 BOX DRAWINGS LEFT HEAVY AND RIGHT UP LIGHT */
    0x18, 0x18, 0x18, 0x18, 0x18, 0x18, 0x18, 0xFF, 0xF8, 0x00, 0x00, 0x00, 0x00, 0x00, 0x00, 0x00,
    /*  563 U+2536 BOX DRAWINGS RIGHT HEAVY AND LEFT UP LIGHT */
    0x18, 0x18, 0x18, 0x18, 0x18, 0x18, 0x18, 0xFF, 0x1F, 0x00, 0x00, 0x00, 0x00, 0x00, 0x00, 0x00,
    /*  564 U+2537 BOX DRAWINGS UP LIGHT AND HORIZONTAL HEAVY */
    0x18, 0x18, 0x18, 0x18, 0x18, 0x18, 0x18, 0xFF, 0xFF, 0x00, 0x00, 0x00, 0x00, 0x00, 0x00, 0x00,
    /*  565 U+2538 BOX DRAWINGS UP HEAVY AND HORIZONTAL LIGHT */
    0x1C, 0x1C, 0x1C, 0x1C, 0x1C, 0x1C, 0x1C, 0xFF, 0x00, 0x00, 0x00, 0x00, 0x00, 0x00, 0x00, 0x00,
    /*  566 U+2539 BOX DRAWINGS RIGHT LIGHT AND LEFT UP HEAVY */
    0x1C, 0x1C, 0x1C, 0x1C, 0x1C, 0x1C, 0x1C, 0xFF, 0xFC, 0x00, 0x00, 0x00, 0x00, 0x00, 0x00, 0x00,
    /*  567 U+253A BOX DRAWINGS LEFT LIGHT AND RIGHT UP HEAVY */
    0x1C, 0x1C, 0x1C, 0x1C, 0x1C, 0x1C, 0x1C, 0xFF, 0x1F, 0x00, 0x00, 0x00, 0x00, 0x00, 0x00, 0x00,
    /*  568 U+253B BOX DRAWINGS HEAVY UP AND HORIZONTAL */
    0x1C, 0x1C, 0x1C, 0x1C, 0x1C, 0x1C, 0x1C, 0xFF, 0xFF, 0x00, 0x00, 0x00, 0x00, 0x00, 0x00, 0x00,
    /*  569 U+253C BOX DRAWINGS LIGHT VERTICAL AND HORIZONTAL */
    0x18, 0x18, 0x18, 0x18, 0x18, 0x18, 0x18, 0xFF, 0x18, 0x18, 0x18, 0x18, 0x18, 0x18, 0x18, 0x18,
    /*  570 U+253D BOX DRAWINGS LEFT HEAVY AND RIGHT VERTICAL L */
    0x18, 0x18, 0x18, 0x18, 0x18, 0x18, 0x18, 0xFF, 0xF8, 0x18, 0x18, 0x18, 0x18, 0x18, 0x18, 0x18,
    /*  571 U+253E BOX DRAWINGS RIGHT HEAVY AND LEFT VERTICAL L */
    0x18, 0x18, 0x18, 0x18, 0x18, 0x18, 0x18, 0xFF, 0x1F, 0x18, 0x18, 0x18, 0x18, 0x18, 0x18, 0x18,
    /*  572 U+253F BOX DRAWINGS VERTICAL LIGHT AND HORIZONTAL H */
    0x18, 0x18, 0x18, 0x18, 0x18, 0x18, 0x18, 0xFF, 0xFF, 0x18, 0x18, 0x18, 0x18, 0x18, 0x18, 0x18,
    /*  573 U+2540 BOX DRAWINGS UP HEAVY AND DOWN HORIZONTAL LI */
    0x1C, 0x1C, 0x1C, 0x1C, 0x1C, 0x1C, 0x1C, 0xFF, 0x18, 0x18, 0x18, 0x18, 0x18, 0x18, 0x18, 0x18,
    /*  574 U+2541 BOX DRAWINGS DOWN HEAVY AND UP HORIZONTAL LI */
    0x18, 0x18, 0x18, 0x18, 0x18, 0x18, 0x18, 0xFF, 0x1C, 0x1C, 0x1C, 0x1C, 0x1C, 0x1C, 0x1C, 0x1C,
    /*  575 U+2542 BOX DRAWINGS VERTICAL HEAVY AND HORIZONTAL L */
    0x1C, 0x1C, 0x1C, 0x1C, 0x1C, 0x1C, 0x1C, 0xFF, 0x1C, 0x1C, 0x1C, 0x1C, 0x1C, 0x1C, 0x1C, 0x1C,
    /*  576 U+2543 BOX DRAWINGS LEFT UP HEAVY AND RIGHT DOWN LI */
    0x1C, 0x1C, 0x1C, 0x1C, 0x1C, 0x1C, 0x1C, 0xFF, 0xF8, 0x18, 0x18, 0x18, 0x18, 0x18, 0x18, 0x18,
    /*  577 U+2544 BOX DRAWINGS RIGHT UP HEAVY AND LEFT DOWN LI */
    0x1C, 0x1C, 0x1C, 0x1C, 0x1C, 0x1C, 0x1C, 0xFF, 0x1F, 0x18, 0x18, 0x18, 0x18, 0x18, 0x18, 0x18,
    /*  578 U+2545 BOX DRAWINGS LEFT DOWN HEAVY AND RIGHT UP LI */
    0x18, 0x18, 0x18, 0x18, 0x18, 0x18, 0x18, 0xFF, 0xFC, 0x1C, 0x1C, 0x1C, 0x1C, 0x1C, 0x1C, 0x1C,
    /*  579 U+2546 BOX DRAWINGS RIGHT DOWN HEAVY AND LEFT UP LI */
    0x18, 0x18, 0x18, 0x18, 0x18, 0x18, 0x18, 0xFF, 0x1F, 0x1C, 0x1C, 0x1C, 0x1C, 0x1C, 0x1C, 0x1C,
    /*  580 U+2547 BOX DRAWINGS DOWN LIGHT AND UP HORIZONTAL HE */
    0x1C, 0x1C, 0x1C, 0x1C, 0x1C, 0x1C, 0x1C, 0xFF, 0xFF, 0x18, 0x18, 0x18, 0x18, 0x18, 0x18, 0x18,
    /*  581 U+2548 BOX DRAWINGS UP LIGHT AND DOWN HORIZONTAL HE */
    0x18, 0x18, 0x18, 0x18, 0x18, 0x18, 0x18, 0xFF, 0xFF, 0x1C, 0x1C, 0x1C, 0x1C, 0x1C, 0x1C, 0x1C,
    /*  582 U+2549 BOX DRAWINGS RIGHT LIGHT AND LEFT VERTICAL H */
    0x1C, 0x1C, 0x1C, 0x1C, 0x1C, 0x1C, 0x1C, 0xFF, 0xFC, 0x1C, 0x1C, 0x1C, 0x1C, 0x1C, 0x1C, 0x1C,
    /*  583 U+254A BOX DRAWINGS LEFT LIGHT AND RIGHT VERTICAL H */
    0x1C, 0x1C, 0x1C, 0x1C, 0x1C, 0x1C, 0x1C, 0xFF, 0x1F, 0x1C, 0x1C, 0x1C, 0x1C, 0x1C, 0x1C, 0x1C,
    /*  584 U+254B BOX DRAWINGS HEAVY VERTICAL AND HORIZONTAL */
    0x1C, 0x1C, 0x1C, 0x1C, 0x1C, 0x1C, 0x1C, 0xFF, 0xFF, 0x1C, 0x1C, 0x1C, 0x1C, 0x1C, 0x1C, 0x1C,
    /*  585 U+254C BOX DRAWINGS LIGHT DOUBLE DASH HORIZONTAL */
    0x00, 0x00, 0x00, 0x00, 0x00, 0x00, 0x00, 0xEE, 0x00, 0x00, 0x00, 0x00, 0x00, 0x00, 0x00, 0x00,
    /*  586 U+254D BOX DRAWINGS HEAVY DOUBLE DASH HORIZONTAL */
    0x00, 0x00, 0x00, 0x00, 0x00, 0x00, 0x00, 0xEE, 0xEE, 0x00, 0x00, 0x00, 0x00, 0x00, 0x00, 0x00,
    /*  587 U+254E BOX DRAWINGS LIGHT DOUBLE DASH VERTICAL */
    0x00, 0x18, 0x18, 0x18, 0x18, 0x18, 0x18, 0x00, 0x00, 0x18, 0x18, 0x18, 0x18, 0x18, 0x18, 0x00,
    /*  588 U+254F BOX DRAWINGS HEAVY DOUBLE DASH VERTICAL */
    0x00, 0x1C, 0x1C, 0x1C, 0x1C, 0x1C, 0x1C, 0x00, 0x00, 0x1C, 0x1C, 0x1C, 0x1C, 0x1C, 0x1C, 0x00,
    /*  589 U+2550 BOX DRAWINGS DOUBLE HORIZONTAL */
    0x00, 0x00, 0x00, 0x00, 0x00, 0x00, 0xFF, 0x00, 0xFF, 0x00, 0x00, 0x00, 0x00, 0x00, 0x00, 0x00,
    /*  590 U+2551 BOX DRAWINGS DOUBLE VERTICAL */
    0x36, 0x36, 0x36, 0x36, 0x36, 0x36, 0x36, 0x36, 0x36, 0x36, 0x36, 0x36, 0x36, 0x36, 0x36, 0x36,
    /*  591 U+2552 BOX DRAWINGS DOWN SINGLE AND RIGHT DOUBLE */
    0x00, 0x00, 0x00, 0x00, 0x00, 0x00, 0x1F, 0x18, 0x1F, 0x18, 0x18, 0x18, 0x18, 0x18, 0x18, 0x18,
    /*  592 U+2553 BOX DRAWINGS DOWN DOUBLE AND RIGHT SINGLE */
    0x00, 0x00, 0x00, 0x00, 0x00, 0x00, 0x00, 0x3F, 0x36, 0x36, 0x36, 0x36, 0x36, 0x36, 0x36, 0x36,
    /*  593 U+2554 BOX DRAWINGS DOUBLE DOWN AND RIGHT */
    0x00, 0x00, 0x00, 0x00, 0x00, 0x00, 0x3F, 0x30, 0x37, 0x36, 0x36, 0x36, 0x36, 0x36, 0x36, 0x36,
    /*  594 U+2555 BOX DRAWINGS DOWN SINGLE AND LEFT DOUBLE */
    0x00, 0x00, 0x00, 0x00, 0x00, 0x00, 0xF8, 0x18, 0xF8, 0x18, 0x18, 0x18, 0x18, 0x18, 0x18, 0x18,
    /*  595 U+2556 BOX DRAWINGS DOWN DOUBLE AND LEFT SINGLE */
    0x00, 0x00, 0x00, 0x00, 0x00, 0x00, 0x00, 0xFE, 0x36, 0x36, 0x36, 0x36, 0x36, 0x36, 0x36, 0x36,
    /*  596 U+2557 BOX DRAWINGS DOUBLE DOWN AND LEFT */
    0x00, 0x00, 0x00, 0x00, 0x00, 0x00, 0xFE, 0x06, 0xF6, 0x36, 0x36, 0x36, 0x36, 0x36, 0x36, 0x36,
    /*  597 U+2558 BOX DRAWINGS UP SINGLE AND RIGHT DOUBLE */
    0x18, 0x18, 0x18, 0x18, 0x18, 0x18, 0x1F, 0x18, 0x1F, 0x00, 0x00, 0x00, 0x00, 0x00, 0x00, 0x00,
    /*  598 U+2559 BOX DRAWINGS UP DOUBLE AND RIGHT SINGLE */
    0x36, 0x36, 0x36, 0x36, 0x36, 0x36, 0x36, 0x3F, 0x00, 0x00, 0x00, 0x00, 0x00, 0x00, 0x00, 0x00,
    /*  599 U+255A BOX DRAWINGS DOUBLE UP AND RIGHT */
    0x36, 0x36, 0x36, 0x36, 0x36, 0x36, 0x37, 0x30, 0x3F, 0x00, 0x00, 0x00, 0x00, 0x00, 0x00, 0x00,
    /*  600 U+255B BOX DRAWINGS UP SINGLE AND LEFT DOUBLE */
    0x18, 0x18, 0x18, 0x18, 0x18, 0x18, 0xF8, 0x18, 0xF8, 0x00, 0x00, 0x00, 0x00, 0x00, 0x00, 0x00,
    /*  601 U+255C BOX DRAWINGS UP DOUBLE AND LEFT SINGLE */
    0x36, 0x36, 0x36, 0x36, 0x36, 0x36, 0x36, 0xFE, 0x00, 0x00, 0x00, 0x00, 0x00, 0x00, 0x00, 0x00,
    /*  602 U+255D BOX DRAWINGS DOUBLE UP AND LEFT */
    0x36, 0x36, 0x36, 0x36, 0x36, 0x36, 0xF6, 0x06, 0xFE, 0x00, 0x00, 0x00, 0x00, 0x00, 0x00, 0x00,
    /*  603 U+255E BOX DRAWINGS VERTICAL SINGLE AND RIGHT DOUBL */
    0x18, 0x18, 0x18, 0x18, 0x18, 0x18, 0x1F, 0x18, 0x1F, 0x18, 0x18, 0x18, 0x18, 0x18, 0x18, 0x18,
    /*  604 U+255F BOX DRAWINGS VERTICAL DOUBLE AND RIGHT SINGL */
    0x36, 0x36, 0x36, 0x36, 0x36, 0x36, 0x36, 0x37, 0x36, 0x36, 0x36, 0x36, 0x36, 0x36, 0x36, 0x36,
    /*  605 U+2560 BOX DRAWINGS DOUBLE VERTICAL AND RIGHT */
    0x36, 0x36, 0x36, 0x36, 0x36, 0x36, 0x37, 0x30, 0x37, 0x36, 0x36, 0x36, 0x36, 0x36, 0x36, 0x36,
    /*  606 U+2561 BOX DRAWINGS VERTICAL SINGLE AND LEFT DOUBLE */
    0x18, 0x18, 0x18, 0x18, 0x18, 0x18, 0xF8, 0x18, 0xF8, 0x18, 0x18, 0x18, 0x18, 0x18, 0x18, 0x18,
    /*  607 U+2562 BOX DRAWINGS VERTICAL DOUBLE AND LEFT SINGLE */
    0x36, 0x36, 0x36, 0x36, 0x36, 0x36, 0x36, 0xF6, 0x36, 0x36, 0x36, 0x36, 0x36, 0x36, 0x36, 0x36,
    /*  608 U+2563 BOX DRAWINGS DOUBLE VERTICAL AND LEFT */
    0x36, 0x36, 0x36, 0x36, 0x36, 0x36, 0xF6, 0x06, 0xF6, 0x36, 0x36, 0x36, 0x36, 0x36, 0x36, 0x36,
    /*  609 U+2564 BOX DRAWINGS DOWN SINGLE AND HORIZONTAL DOUB */
    0x00, 0x00, 0x00, 0x00, 0x00, 0x00, 0xFF, 0x00, 0xFF, 0x18, 0x18, 0x18, 0x18, 0x18, 0x18, 0x18,
    /*  610 U+2565 BOX DRAWINGS DOWN DOUBLE AND HORIZONTAL SING */
    0x00, 0x00, 0x00, 0x00, 0x00, 0x00, 0x00, 0xFF, 0x36, 0x36, 0x36, 0x36, 0x36, 0x36, 0x36, 0x36,
    /*  611 U+2566 BOX DRAWINGS DOUBLE DOWN AND HORIZONTAL */
    0x00, 0x00, 0x00, 0x00, 0x00, 0x00, 0xFF, 0x00, 0xF7, 0x36, 0x36, 0x36, 0x36, 0x36, 0x36, 0x36,
    /*  612 U+2567 BOX DRAWINGS UP SINGLE AND HORIZONTAL DOUBLE */
    0x18, 0x18, 0x18, 0x18, 0x18, 0x18, 0xFF, 0x00, 0xFF, 0x00, 0x00, 0x00, 0x00, 0x00, 0x00, 0x00,
    /*  613 U+2568 BOX DRAWINGS UP DOUBLE AND HORIZONTAL SINGLE */
    0x36, 0x36, 0x36, 0x36, 0x36, 0x36, 0x36, 0xFF, 0x00, 0x00, 0x00, 0x00, 0x00, 0x00, 0x00, 0x00,
    /*  614 U+2569 BOX DRAWINGS DOUBLE UP AND HORIZONTAL */
    0x36, 0x36, 0x36, 0x36, 0x36, 0x36, 0xF7, 0x00, 0xFF, 0x00, 0x00, 0x00, 0x00, 0x00, 0x00, 0x00,
    /*  615 U+256A BOX DRAWINGS VERTICAL SINGLE AND HORIZONTAL  */
    0x18, 0x18, 0x18, 0x18, 0x18, 0x18, 0xFF, 0x18, 0xFF, 0x18, 0x18, 0x18, 0x18, 0x18, 0x18, 0x18,
    /*  616 U+256B BOX DRAWINGS VERTICAL DOUBLE AND HORIZONTAL  */
    0x36, 0x36, 0x36, 0x36, 0x36, 0x36, 0x36, 0xFF, 0x36, 0x36, 0x36, 0x36, 0x36, 0x36, 0x36, 0x36,
    /*  617 U+256C BOX DRAWINGS DOUBLE VERTICAL AND HORIZONTAL */
    0x36, 0x36, 0x36, 0x36, 0x36, 0x36, 0xF7, 0x00, 0xF7, 0x36, 0x36, 0x36, 0x36, 0x36, 0x36, 0x36,
    /*  618 U+256D BOX DRAWINGS LIGHT ARC DOWN AND RIGHT */
    0x00, 0x00, 0x00, 0x00, 0x00, 0x00, 0x00, 0x0F, 0x18, 0x18, 0x18, 0x18, 0x18, 0x18, 0x18, 0x18,
    /*  619 U+256E BOX DRAWINGS LIGHT ARC DOWN AND LEFT */
    0x00, 0x00, 0x00, 0x00, 0x00, 0x00, 0x00, 0xF0, 0x18, 0x18, 0x18, 0x18, 0x18, 0x18, 0x18, 0x18,
    /*  620 U+256F BOX DRAWINGS LIGHT ARC UP AND LEFT */
    0x18, 0x18, 0x18, 0x18, 0x18, 0x18, 0x18, 0xF0, 0x00, 0x00, 0x00, 0x00, 0x00, 0x00, 0x00, 0x00,
    /*  621 U+2570 BOX DRAWINGS LIGHT ARC UP AND RIGHT */
    0x18, 0x18, 0x18, 0x18, 0x18, 0x18, 0x18, 0x0F, 0x00, 0x00, 0x00, 0x00, 0x00, 0x00, 0x00, 0x00,
    /*  622 U+2571 BOX DRAWINGS LIGHT DIAGONAL UPPER RIGHT TO L */
    0x01, 0x03, 0x03, 0x06, 0x06, 0x0C, 0x0C, 0x18, 0x18, 0x30, 0x30, 0x60, 0x60, 0xC0, 0xC0, 0x80,
    /*  623 U+2572 BOX DRAWINGS LIGHT DIAGONAL UPPER LEFT TO LO */
    0x80, 0xC0, 0xC0, 0x60, 0x60, 0x30, 0x30, 0x18, 0x18, 0x0C, 0x0C, 0x06, 0x06, 0x03, 0x03, 0x01,
    /*  624 U+2573 BOX DRAWINGS LIGHT DIAGONAL CROSS */
    0x81, 0xC3, 0xC3, 0x66, 0x66, 0x3C, 0x3C, 0x18, 0x18, 0x3C, 0x3C, 0x66, 0x66, 0xC3, 0xC3, 0x81,
    /*  625 U+2574 BOX DRAWINGS LIGHT LEFT */
    0x00, 0x00, 0x00, 0x00, 0x00, 0x00, 0x00, 0xF0, 0x00, 0x00, 0x00, 0x00, 0x00, 0x00, 0x00, 0x00,
    /*  626 U+2575 BOX DRAWINGS LIGHT UP */
    0x18, 0x18, 0x18, 0x18, 0x18, 0x18, 0x18, 0x18, 0x00, 0x00, 0x00, 0x00, 0x00, 0x00, 0x00, 0x00,
    /*  627 U+2576 BOX DRAWINGS LIGHT RIGHT */
    0x00, 0x00, 0x00, 0x00, 0x00, 0x00, 0x00, 0x0F, 0x00, 0x00, 0x00, 0x00, 0x00, 0x00, 0x00, 0x00,
    /*  628 U+2577 BOX DRAWINGS LIGHT DOWN */
    0x00, 0x00, 0x00, 0x00, 0x00, 0x00, 0x00, 0x00, 0x18, 0x18, 0x18, 0x18, 0x18, 0x18, 0x18, 0x18,
    /*  629 U+2578 BOX DRAWINGS HEAVY LEFT */
    0x00, 0x00, 0x00, 0x00, 0x00, 0x00, 0x00, 0xF0, 0xF0, 0x00, 0x00, 0x00, 0x00, 0x00, 0x00, 0x00,
    /*  630 U+2579 BOX DRAWINGS HEAVY UP */
    0x1C, 0x1C, 0x1C, 0x1C, 0x1C, 0x1C, 0x1C, 0x1C, 0x00, 0x00, 0x00, 0x00, 0x00, 0x00, 0x00, 0x00,
    /*  631 U+257A BOX DRAWINGS HEAVY RIGHT */
    0x00, 0x00, 0x00, 0x00, 0x00, 0x00, 0x00, 0x0F, 0x0F, 0x00, 0x00, 0x00, 0x00, 0x00, 0x00, 0x00,
    /*  632 U+257B BOX DRAWINGS HEAVY DOWN */
    0x00, 0x00, 0x00, 0x00, 0x00, 0x00, 0x00, 0x00, 0x1C, 0x1C, 0x1C, 0x1C, 0x1C, 0x1C, 0x1C, 0x1C,
    /*  633 U+257C BOX DRAWINGS LIGHT LEFT AND HEAVY RIGHT */
    0x00, 0x00, 0x00, 0x00, 0x00, 0x00, 0x00, 0xFF, 0x0F, 0x00, 0x00, 0x00, 0x00, 0x00, 0x00, 0x00,
    /*  634 U+257D BOX DRAWINGS LIGHT UP AND HEAVY DOWN */
    0x18, 0x18, 0x18, 0x18, 0x18, 0x18, 0x18, 0x18, 0x1C, 0x1C, 0x1C, 0x1C, 0x1C, 0x1C, 0x1C, 0x1C,
    /*  635 U+257E BOX DRAWINGS HEAVY LEFT AND LIGHT RIGHT */
    0x00, 0x00, 0x00, 0x00, 0x00, 0x00, 0x00, 0xFF, 0xF0, 0x00, 0x00, 0x00, 0x00, 0x00, 0x00, 0x00,
    /*  636 U+257F BOX DRAWINGS HEAVY UP AND LIGHT DOWN */
    0x1C, 0x1C, 0x1C, 0x1C, 0x1C, 0x1C, 0x1C, 0x1C, 0x18, 0x18, 0x18, 0x18, 0x18, 0x18, 0x18, 0x18,
    /*  637 U+2580 UPPER HALF BLOCK */
    0xFF, 0xFF, 0xFF, 0xFF, 0xFF, 0xFF, 0xFF, 0xFF, 0x00, 0x00, 0x00, 0x00, 0x00, 0x00, 0x00, 0x00,
    /*  638 U+2581 LOWER ONE EIGHTH BLOCK */
    0x00, 0x00, 0x00, 0x00, 0x00, 0x00, 0x00, 0x00, 0x00, 0x00, 0x00, 0x00, 0x00, 0x00, 0xFF, 0xFF,
    /*  639 U+2582 LOWER ONE QUARTER BLOCK */
    0x00, 0x00, 0x00, 0x00, 0x00, 0x00, 0x00, 0x00, 0x00, 0x00, 0x00, 0x00, 0xFF, 0xFF, 0xFF, 0xFF,
    /*  640 U+2583 LOWER THREE EIGHTHS BLOCK */
    0x00, 0x00, 0x00, 0x00, 0x00, 0x00, 0x00, 0x00, 0x00, 0x00, 0xFF, 0xFF, 0xFF, 0xFF, 0xFF, 0xFF,
    /*  641 U+2584 LOWER HALF BLOCK */
    0x00, 0x00, 0x00, 0x00, 0x00, 0x00, 0x00, 0x00, 0xFF, 0xFF, 0xFF, 0xFF, 0xFF, 0xFF, 0xFF, 0xFF,
    /*  642 U+2585 LOWER FIVE EIGHTHS BLOCK */
    0x00, 0x00, 0x00, 0x00, 0x00, 0x00, 0xFF, 0xFF, 0xFF, 0xFF, 0xFF, 0xFF, 0xFF, 0xFF, 0xFF, 0xFF,
    /*  643 U+2586 LOWER THREE QUARTERS BLOCK */
    0x00, 0x00, 0x00, 0x00, 0xFF, 0xFF, 0xFF, 0xFF, 0xFF, 0xFF, 0xFF, 0xFF, 0xFF, 0xFF, 0xFF, 0xFF,
    /*  644 U+2587 LOWER SEVEN EIGHTHS BLOCK */
    0x00, 0x00, 0xFF, 0xFF, 0xFF, 0xFF, 0xFF, 0xFF, 0xFF, 0xFF, 0xFF, 0xFF, 0xFF, 0xFF, 0xFF, 0xFF,
    /*  645 U+2588 FULL BLOCK */
    0xFF, 0xFF, 0xFF, 0xFF, 0xFF, 0xFF, 0xFF, 0xFF, 0xFF, 0xFF, 0xFF, 0xFF, 0xFF, 0xFF, 0xFF, 0xFF,
    /*  646 U+2589 LEFT SEVEN EIGHTHS BLOCK */
    0xFE, 0xFE, 0xFE, 0xFE, 0xFE, 0xFE, 0xFE, 0xFE, 0xFE, 0xFE, 0xFE, 0xFE, 0xFE, 0xFE, 0xFE, 0xFE,
    /*  647 U+258A LEFT THREE QUARTERS BLOCK */
    0xFC, 0xFC, 0xFC, 0xFC, 0xFC, 0xFC, 0xFC, 0xFC, 0xFC, 0xFC, 0xFC, 0xFC, 0xFC, 0xFC, 0xFC, 0xFC,
    /*  648 U+258B LEFT FIVE EIGHTHS BLOCK */
    0xF8, 0xF8, 0xF8, 0xF8, 0xF8, 0xF8, 0xF8, 0xF8, 0xF8, 0xF8, 0xF8, 0xF8, 0xF8, 0xF8, 0xF8, 0xF8,
    /*  649 U+258C LEFT HALF BLOCK */
    0xF0, 0xF0, 0xF0, 0xF0, 0xF0, 0xF0, 0xF0, 0xF0, 0xF0, 0xF0, 0xF0, 0xF0, 0xF0, 0xF0, 0xF0, 0xF0,
    /*  650 U+258D LEFT THREE EIGHTHS BLOCK */
    0xE0, 0xE0, 0xE0, 0xE0, 0xE0, 0xE0, 0xE0, 0xE0, 0xE0, 0xE0, 0xE0, 0xE0, 0xE0, 0xE0, 0xE0, 0xE0,
    /*  651 U+258E LEFT ONE QUARTER BLOCK */
    0xC0, 0xC0, 0xC0, 0xC0, 0xC0, 0xC0, 0xC0, 0xC0, 0xC0, 0xC0, 0xC0, 0xC0, 0xC0, 0xC0, 0xC0, 0xC0,
    /*  652 U+258F LEFT ONE EIGHTH BLOCK */
    0x80, 0x80, 0x80, 0x80, 0x80, 0x80, 0x80, 0x80, 0x80, 0x80, 0x80, 0x80, 0x80, 0x80, 0x80, 0x80,
    /*  653 U+2590 RIGHT HALF BLOCK */
    0x0F, 0x0F, 0x0F, 0x0F, 0x0F, 0x0F, 0x0F, 0x0F, 0x0F, 0x0F, 0x0F, 0x0F, 0x0F, 0x0F, 0x0F, 0x0F,
    /*  654 U+2591 LIGHT SHADE */
    0x11, 0x44, 0x11, 0x44, 0x11, 0x44, 0x11, 0x44, 0x11, 0x44, 0x11, 0x44, 0x11, 0x44, 0x11, 0x44,
    /*  655 U+2592 MEDIUM SHADE */
    0x55, 0xAA, 0x55, 0xAA, 0x55, 0xAA, 0x55, 0xAA, 0x55, 0xAA, 0x55, 0xAA, 0x55, 0xAA, 0x55, 0xAA,
    /*  656 U+2593 DARK SHADE */
    0xDD, 0x77, 0xDD, 0x77, 0xDD, 0x77, 0xDD, 0x77, 0xDD, 0x77, 0xDD, 0x77, 0xDD, 0x77, 0xDD, 0x77,
    /*  657 U+2594 UPPER ONE EIGHTH BLOCK */
    0xFF, 0xFF, 0x00, 0x00, 0x00, 0x00, 0x00, 0x00, 0x00, 0x00, 0x00, 0x00, 0x00, 0x00, 0x00, 0x00,
    /*  658 U+2595 RIGHT ONE EIGHTH BLOCK */
    0x01, 0x01, 0x01, 0x01, 0x01, 0x01, 0x01, 0x01, 0x01, 0x01, 0x01, 0x01, 0x01, 0x01, 0x01, 0x01,
    /*  659 U+2596 QUADRANT LOWER LEFT */
    0x00, 0x00, 0x00, 0x00, 0x00, 0x00, 0x00, 0x00, 0xF0, 0xF0, 0xF0, 0xF0, 0xF0, 0xF0, 0xF0, 0xF0,
    /*  660 U+2597 QUADRANT LOWER RIGHT */
    0x00, 0x00, 0x00, 0x00, 0x00, 0x00, 0x00, 0x00, 0x0F, 0x0F, 0x0F, 0x0F, 0x0F, 0x0F, 0x0F, 0x0F,
    /*  661 U+2598 QUADRANT UPPER LEFT */
    0xF0, 0xF0, 0xF0, 0xF0, 0xF0, 0xF0, 0xF0, 0xF0, 0x00, 0x00, 0x00, 0x00, 0x00, 0x00, 0x00, 0x00,
    /*  662 U+2599 QUADRANT UPPER LEFT AND LOWER LEFT AND LOWER */
    0xF0, 0xF0, 0xF0, 0xF0, 0xF0, 0xF0, 0xF0, 0xF0, 0xFF, 0xFF, 0xFF, 0xFF, 0xFF, 0xFF, 0xFF, 0xFF,
    /*  663 U+259A QUADRANT UPPER LEFT AND LOWER RIGHT */
    0xF0, 0xF0, 0xF0, 0xF0, 0xF0, 0xF0, 0xF0, 0xF0, 0x0F, 0x0F, 0x0F, 0x0F, 0x0F, 0x0F, 0x0F, 0x0F,
    /*  664 U+259B QUADRANT UPPER LEFT AND UPPER RIGHT AND LOWE */
    0xFF, 0xFF, 0xFF, 0xFF, 0xFF, 0xFF, 0xFF, 0xFF, 0xF0, 0xF0, 0xF0, 0xF0, 0xF0, 0xF0, 0xF0, 0xF0,
    /*  665 U+259C QUADRANT UPPER LEFT AND UPPER RIGHT AND LOWE */
    0xFF, 0xFF, 0xFF, 0xFF, 0xFF, 0xFF, 0xFF, 0xFF, 0x0F, 0x0F, 0x0F, 0x0F, 0x0F, 0x0F, 0x0F, 0x0F,
    /*  666 U+259D QUADRANT UPPER RIGHT */
    0x0F, 0x0F, 0x0F, 0x0F, 0x0F, 0x0F, 0x0F, 0x0F, 0x00, 0x00, 0x00, 0x00, 0x00, 0x00, 0x00, 0x00,
    /*  667 U+259E QUADRANT UPPER RIGHT AND LOWER LEFT */
    0x0F, 0x0F, 0x0F, 0x0F, 0x0F, 0x0F, 0x0F, 0x0F, 0xF0, 0xF0, 0xF0, 0xF0, 0xF0, 0xF0, 0xF0, 0xF0,
    /*  668 U+259F QUADRANT UPPER RIGHT AND LOWER LEFT AND LOWE */
    0x0F, 0x0F, 0x0F, 0x0F, 0x0F, 0x0F, 0x0F, 0x0F, 0xFF, 0xFF, 0xFF, 0xFF, 0xFF, 0xFF, 0xFF, 0xFF,
    /*  669 U+25A0 BLACK SQUARE */
    0x00, 0x00, 0x00, 0x00, 0x7C, 0x7C, 0x7C, 0x7C, 0x7C, 0x7C, 0x7C, 0x00, 0x00, 0x00, 0x00, 0x00,
    /*  670 U+25AC BLACK RECTANGLE */
    0x00, 0x00, 0x00, 0x00, 0x00, 0x00, 0x00, 0x00, 0xFE, 0xFE, 0xFE, 0xFE, 0x00, 0x00, 0x00, 0x00,
    /*  671 U+25B2 BLACK UP-POINTING TRIANGLE */
    0x00, 0x00, 0x00, 0x00, 0x00, 0x10, 0x38, 0x38, 0x7C, 0x7C, 0xFE, 0xFE, 0x00, 0x00, 0x00, 0x00,
    /*  672 U+25BA CP437 0x10 */
    0x80, 0xC0, 0xE0, 0xF0, 0xF8, 0xFC, 0xFE, 0xFF, 0xFF, 0xFE, 0xFC, 0xF8, 0xF0, 0xE0, 0xC0, 0x80,
    /*  673 U+25BC BLACK DOWN-POINTING TRIANGLE */
    0x00, 0x00, 0x00, 0x00, 0x00, 0xFE, 0xFE, 0x7C, 0x7C, 0x38, 0x38, 0x10, 0x00, 0x00, 0x00, 0x00,
    /*  674 U+25C4 CP437 0x11 */
    0x01, 0x03, 0x07, 0x0F, 0x1F, 0x3F, 0x7F, 0xFF, 0xFF, 0x7F, 0x3F, 0x1F, 0x0F, 0x07, 0x03, 0x01,
    /*  675 U+25C6 BLACK DIAMOND */
    0x00, 0x00, 0x00, 0x00, 0x10, 0x38, 0x7C, 0xFE, 0x7C, 0x38, 0x10, 0x00, 0x00, 0x00, 0x00, 0x00,
    /*  676 U+25CA LOZENGE */
    0x00, 0x00, 0x00, 0x00, 0x10, 0x38, 0x6C, 0xC6, 0x6C, 0x38, 0x10, 0x00, 0x00, 0x00, 0x00, 0x00,
    /*  677 U+25CB WHITE CIRCLE */
    0x00, 0x00, 0x00, 0x00, 0x00, 0x3C, 0x66, 0x66, 0x66, 0x66, 0x3C, 0x00, 0x00, 0x00, 0x00, 0x00,
    /*  678 U+25CF BLACK CIRCLE */
    0x00, 0x00, 0x00, 0x00, 0x00, 0x3C, 0x7E, 0x7E, 0x7E, 0x7E, 0x3C, 0x00, 0x00, 0x00, 0x00, 0x00,
    /*  679 U+25D8 INVERSE BULLET */
    0xFF, 0xFF, 0xFF, 0xFF, 0xFF, 0xFF, 0xE7, 0xC3, 0xC3, 0xE7, 0xFF, 0xFF, 0xFF, 0xFF, 0xFF, 0xFF,
    /*  680 U+25D9 INVERSE WHITE CIRCLE */
    0xFF, 0xFF, 0xFF, 0xFF, 0xFF, 0xC3, 0x99, 0x99, 0x99, 0x99, 0xC3, 0xFF, 0xFF, 0xFF, 0xFF, 0xFF,
    /*  681 U+25E2 BLACK LOWER RIGHT TRIANGLE */
    0x00, 0x00, 0x00, 0x00, 0x00, 0x00, 0x00, 0x00, 0x80, 0xC0, 0xE0, 0xF0, 0xF8, 0xFC, 0xFE, 0xFF,
    /*  682 U+25E3 BLACK LOWER LEFT TRIANGLE */
    0x00, 0x00, 0x00, 0x00, 0x00, 0x00, 0x00, 0x00, 0x01, 0x03, 0x07, 0x0F, 0x1F, 0x3F, 0x7F, 0xFF,
    /*  683 U+25E4 BLACK UPPER LEFT TRIANGLE */
    0xFF, 0xFE, 0xFC, 0xF8, 0xF0, 0xE0, 0xC0, 0x80, 0x00, 0x00, 0x00, 0x00, 0x00, 0x00, 0x00, 0x00,
    /*  684 U+25E5 BLACK UPPER RIGHT TRIANGLE */
    0xFF, 0x7F, 0x3F, 0x1F, 0x0F, 0x07, 0x03, 0x01, 0x00, 0x00, 0x00, 0x00, 0x00, 0x00, 0x00, 0x00,
    /*  685 U+2630 TRIGRAM FOR HEAVEN */
    0x00, 0x00, 0x00, 0x00, 0x7E, 0x00, 0x00, 0x7E, 0x00, 0x00, 0x7E, 0x00, 0x00, 0x00, 0x00, 0x00,
    /*  686 U+2631 TRIGRAM FOR LAKE */
    0x00, 0x00, 0x00, 0x00, 0x66, 0x00, 0x00, 0x7E, 0x00, 0x00, 0x7E, 0x00, 0x00, 0x00, 0x00, 0x00,
    /*  687 U+2632 TRIGRAM FOR FIRE */
    0x00, 0x00, 0x00, 0x00, 0x7E, 0x00, 0x00, 0x66, 0x00, 0x00, 0x7E, 0x00, 0x00, 0x00, 0x00, 0x00,
    /*  688 U+2633 TRIGRAM FOR THUNDER */
    0x00, 0x00, 0x00, 0x00, 0x66, 0x00, 0x00, 0x66, 0x00, 0x00, 0x7E, 0x00, 0x00, 0x00, 0x00, 0x00,
    /*  689 U+2634 TRIGRAM FOR WIND */
    0x00, 0x00, 0x00, 0x00, 0x7E, 0x00, 0x00, 0x7E, 0x00, 0x00, 0x66, 0x00, 0x00, 0x00, 0x00, 0x00,
    /*  690 U+2635 TRIGRAM FOR WATER */
    0x00, 0x00, 0x00, 0x00, 0x66, 0x00, 0x00, 0x7E, 0x00, 0x00, 0x66, 0x00, 0x00, 0x00, 0x00, 0x00,
    /*  691 U+2636 TRIGRAM FOR MOUNTAIN */
    0x00, 0x00, 0x00, 0x00, 0x7E, 0x00, 0x00, 0x66, 0x00, 0x00, 0x66, 0x00, 0x00, 0x00, 0x00, 0x00,
    /*  692 U+2637 TRIGRAM FOR EARTH */
    0x00, 0x00, 0x00, 0x00, 0x66, 0x00, 0x00, 0x66, 0x00, 0x00, 0x66, 0x00, 0x00, 0x00, 0x00, 0x00,
    /*  693 U+263A WHITE SMILING FACE */
    0x00, 0x00, 0x7E, 0x81, 0xA5, 0x81, 0x81, 0xA5, 0x99, 0x81, 0x81, 0x7E, 0x00, 0x00, 0x00, 0x00,
    /*  694 U+263B BLACK SMILING FACE */
    0x00, 0x00, 0x7E, 0xFF, 0xDB, 0xFF, 0xFF, 0xDB, 0xE7, 0xFF, 0xFF, 0x7E, 0x00, 0x00, 0x00, 0x00,
    /*  695 U+263C WHITE SUN WITH RAYS */
    0x00, 0x00, 0x00, 0x18, 0x18, 0xDB, 0x3C, 0xE7, 0x3C, 0xDB, 0x18, 0x18, 0x00, 0x00, 0x00, 0x00,
    /*  696 U+2640 FEMALE SIGN */
    0x00, 0x00, 0x3C, 0x66, 0x66, 0x66, 0x66, 0x3C, 0x18, 0x3C, 0x18, 0x18, 0x00, 0x00, 0x00, 0x00,
    /*  697 U+2642 MALE SIGN */
    0x00, 0x00, 0x0F, 0x07, 0x0D, 0x19, 0x3C, 0x66, 0x66, 0x66, 0x66, 0x3C, 0x00, 0x00, 0x00, 0x00,
    /*  698 U+2660 BLACK SPADE SUIT */
    0x00, 0x00, 0x00, 0x18, 0x3C, 0x7E, 0xFF, 0xFF, 0x7E, 0x18, 0x18, 0x3C, 0x00, 0x00, 0x00, 0x00,
    /*  699 U+2663 BLACK CLUB SUIT */
    0x00, 0x00, 0x00, 0x18, 0x3C, 0x3C, 0xE7, 0xE7, 0xE7, 0x18, 0x18, 0x3C, 0x00, 0x00, 0x00, 0x00,
    /*  700 U+2665 BLACK HEART SUIT */
    0x00, 0x00, 0x00, 0x00, 0x6C, 0xFE, 0xFE, 0xFE, 0x7C, 0x38, 0x10, 0x00, 0x00, 0x00, 0x00, 0x00,
    /*  701 U+2666 BLACK DIAMOND SUIT */
    0x00, 0x00, 0x00, 0x00, 0x10, 0x38, 0x7C, 0xFE, 0x7C, 0x38, 0x10, 0x00, 0x00, 0x00, 0x00, 0x00,
    /*  702 U+266A EIGHTH NOTE */
    0x00, 0x00, 0x7E, 0x66, 0x7E, 0x60, 0x60, 0x60, 0x60, 0x60, 0xC0, 0xC0, 0x00, 0x00, 0x00, 0x00,
    /*  703 U+266B BEAMED EIGHTH NOTES */
    0x00, 0x00, 0x7E, 0x66, 0x7E, 0x66, 0x66, 0x66, 0x66, 0x66, 0x6E, 0xCC, 0xC0, 0x00, 0x00, 0x00,
    /*  704 U+2713 CHECK MARK (fable-os) */
    0x00, 0x00, 0x03, 0x03, 0x06, 0x06, 0x0C, 0xCC, 0xD8, 0x78, 0x70, 0x20, 0x00, 0x00, 0x00, 0x00,
    /*  705 U+2717 BALLOT X (fable-os) */
    0x00, 0x00, 0xC3, 0xC3, 0x66, 0x3C, 0x18, 0x3C, 0x66, 0xC3, 0xC3, 0x00, 0x00, 0x00, 0x00, 0x00,
    /*  706 U+2800 BRAILLE PATTERN BLANK */
    0x00, 0x00, 0x00, 0x00, 0x00, 0x00, 0x00, 0x00, 0x00, 0x00, 0x00, 0x00, 0x00, 0x00, 0x00, 0x00,
    /*  707 U+2801 BRAILLE PATTERN DOTS-1 */
    0x00, 0x60, 0x60, 0x00, 0x00, 0x00, 0x00, 0x00, 0x00, 0x00, 0x00, 0x00, 0x00, 0x00, 0x00, 0x00,
    /*  708 U+2802 BRAILLE PATTERN DOTS-2 */
    0x00, 0x00, 0x00, 0x00, 0x00, 0x60, 0x60, 0x00, 0x00, 0x00, 0x00, 0x00, 0x00, 0x00, 0x00, 0x00,
    /*  709 U+2803 BRAILLE PATTERN DOTS-12 */
    0x00, 0x60, 0x60, 0x00, 0x00, 0x60, 0x60, 0x00, 0x00, 0x00, 0x00, 0x00, 0x00, 0x00, 0x00, 0x00,
    /*  710 U+2804 BRAILLE PATTERN DOTS-3 */
    0x00, 0x00, 0x00, 0x00, 0x00, 0x00, 0x00, 0x00, 0x00, 0x60, 0x60, 0x00, 0x00, 0x00, 0x00, 0x00,
    /*  711 U+2805 BRAILLE PATTERN DOTS-13 */
    0x00, 0x60, 0x60, 0x00, 0x00, 0x00, 0x00, 0x00, 0x00, 0x60, 0x60, 0x00, 0x00, 0x00, 0x00, 0x00,
    /*  712 U+2806 BRAILLE PATTERN DOTS-23 */
    0x00, 0x00, 0x00, 0x00, 0x00, 0x60, 0x60, 0x00, 0x00, 0x60, 0x60, 0x00, 0x00, 0x00, 0x00, 0x00,
    /*  713 U+2807 BRAILLE PATTERN DOTS-123 */
    0x00, 0x60, 0x60, 0x00, 0x00, 0x60, 0x60, 0x00, 0x00, 0x60, 0x60, 0x00, 0x00, 0x00, 0x00, 0x00,
    /*  714 U+2808 BRAILLE PATTERN DOTS-4 */
    0x00, 0x06, 0x06, 0x00, 0x00, 0x00, 0x00, 0x00, 0x00, 0x00, 0x00, 0x00, 0x00, 0x00, 0x00, 0x00,
    /*  715 U+2809 BRAILLE PATTERN DOTS-14 */
    0x00, 0x66, 0x66, 0x00, 0x00, 0x00, 0x00, 0x00, 0x00, 0x00, 0x00, 0x00, 0x00, 0x00, 0x00, 0x00,
    /*  716 U+280A BRAILLE PATTERN DOTS-24 */
    0x00, 0x06, 0x06, 0x00, 0x00, 0x60, 0x60, 0x00, 0x00, 0x00, 0x00, 0x00, 0x00, 0x00, 0x00, 0x00,
    /*  717 U+280B BRAILLE PATTERN DOTS-124 */
    0x00, 0x66, 0x66, 0x00, 0x00, 0x60, 0x60, 0x00, 0x00, 0x00, 0x00, 0x00, 0x00, 0x00, 0x00, 0x00,
    /*  718 U+280C BRAILLE PATTERN DOTS-34 */
    0x00, 0x06, 0x06, 0x00, 0x00, 0x00, 0x00, 0x00, 0x00, 0x60, 0x60, 0x00, 0x00, 0x00, 0x00, 0x00,
    /*  719 U+280D BRAILLE PATTERN DOTS-134 */
    0x00, 0x66, 0x66, 0x00, 0x00, 0x00, 0x00, 0x00, 0x00, 0x60, 0x60, 0x00, 0x00, 0x00, 0x00, 0x00,
    /*  720 U+280E BRAILLE PATTERN DOTS-234 */
    0x00, 0x06, 0x06, 0x00, 0x00, 0x60, 0x60, 0x00, 0x00, 0x60, 0x60, 0x00, 0x00, 0x00, 0x00, 0x00,
    /*  721 U+280F BRAILLE PATTERN DOTS-1234 */
    0x00, 0x66, 0x66, 0x00, 0x00, 0x60, 0x60, 0x00, 0x00, 0x60, 0x60, 0x00, 0x00, 0x00, 0x00, 0x00,
    /*  722 U+2810 BRAILLE PATTERN DOTS-5 */
    0x00, 0x00, 0x00, 0x00, 0x00, 0x06, 0x06, 0x00, 0x00, 0x00, 0x00, 0x00, 0x00, 0x00, 0x00, 0x00,
    /*  723 U+2811 BRAILLE PATTERN DOTS-15 */
    0x00, 0x60, 0x60, 0x00, 0x00, 0x06, 0x06, 0x00, 0x00, 0x00, 0x00, 0x00, 0x00, 0x00, 0x00, 0x00,
    /*  724 U+2812 BRAILLE PATTERN DOTS-25 */
    0x00, 0x00, 0x00, 0x00, 0x00, 0x66, 0x66, 0x00, 0x00, 0x00, 0x00, 0x00, 0x00, 0x00, 0x00, 0x00,
    /*  725 U+2813 BRAILLE PATTERN DOTS-125 */
    0x00, 0x60, 0x60, 0x00, 0x00, 0x66, 0x66, 0x00, 0x00, 0x00, 0x00, 0x00, 0x00, 0x00, 0x00, 0x00,
    /*  726 U+2814 BRAILLE PATTERN DOTS-35 */
    0x00, 0x00, 0x00, 0x00, 0x00, 0x06, 0x06, 0x00, 0x00, 0x60, 0x60, 0x00, 0x00, 0x00, 0x00, 0x00,
    /*  727 U+2815 BRAILLE PATTERN DOTS-135 */
    0x00, 0x60, 0x60, 0x00, 0x00, 0x06, 0x06, 0x00, 0x00, 0x60, 0x60, 0x00, 0x00, 0x00, 0x00, 0x00,
    /*  728 U+2816 BRAILLE PATTERN DOTS-235 */
    0x00, 0x00, 0x00, 0x00, 0x00, 0x66, 0x66, 0x00, 0x00, 0x60, 0x60, 0x00, 0x00, 0x00, 0x00, 0x00,
    /*  729 U+2817 BRAILLE PATTERN DOTS-1235 */
    0x00, 0x60, 0x60, 0x00, 0x00, 0x66, 0x66, 0x00, 0x00, 0x60, 0x60, 0x00, 0x00, 0x00, 0x00, 0x00,
    /*  730 U+2818 BRAILLE PATTERN DOTS-45 */
    0x00, 0x06, 0x06, 0x00, 0x00, 0x06, 0x06, 0x00, 0x00, 0x00, 0x00, 0x00, 0x00, 0x00, 0x00, 0x00,
    /*  731 U+2819 BRAILLE PATTERN DOTS-145 */
    0x00, 0x66, 0x66, 0x00, 0x00, 0x06, 0x06, 0x00, 0x00, 0x00, 0x00, 0x00, 0x00, 0x00, 0x00, 0x00,
    /*  732 U+281A BRAILLE PATTERN DOTS-245 */
    0x00, 0x06, 0x06, 0x00, 0x00, 0x66, 0x66, 0x00, 0x00, 0x00, 0x00, 0x00, 0x00, 0x00, 0x00, 0x00,
    /*  733 U+281B BRAILLE PATTERN DOTS-1245 */
    0x00, 0x66, 0x66, 0x00, 0x00, 0x66, 0x66, 0x00, 0x00, 0x00, 0x00, 0x00, 0x00, 0x00, 0x00, 0x00,
    /*  734 U+281C BRAILLE PATTERN DOTS-345 */
    0x00, 0x06, 0x06, 0x00, 0x00, 0x06, 0x06, 0x00, 0x00, 0x60, 0x60, 0x00, 0x00, 0x00, 0x00, 0x00,
    /*  735 U+281D BRAILLE PATTERN DOTS-1345 */
    0x00, 0x66, 0x66, 0x00, 0x00, 0x06, 0x06, 0x00, 0x00, 0x60, 0x60, 0x00, 0x00, 0x00, 0x00, 0x00,
    /*  736 U+281E BRAILLE PATTERN DOTS-2345 */
    0x00, 0x06, 0x06, 0x00, 0x00, 0x66, 0x66, 0x00, 0x00, 0x60, 0x60, 0x00, 0x00, 0x00, 0x00, 0x00,
    /*  737 U+281F BRAILLE PATTERN DOTS-12345 */
    0x00, 0x66, 0x66, 0x00, 0x00, 0x66, 0x66, 0x00, 0x00, 0x60, 0x60, 0x00, 0x00, 0x00, 0x00, 0x00,
    /*  738 U+2820 BRAILLE PATTERN DOTS-6 */
    0x00, 0x00, 0x00, 0x00, 0x00, 0x00, 0x00, 0x00, 0x00, 0x06, 0x06, 0x00, 0x00, 0x00, 0x00, 0x00,
    /*  739 U+2821 BRAILLE PATTERN DOTS-16 */
    0x00, 0x60, 0x60, 0x00, 0x00, 0x00, 0x00, 0x00, 0x00, 0x06, 0x06, 0x00, 0x00, 0x00, 0x00, 0x00,
    /*  740 U+2822 BRAILLE PATTERN DOTS-26 */
    0x00, 0x00, 0x00, 0x00, 0x00, 0x60, 0x60, 0x00, 0x00, 0x06, 0x06, 0x00, 0x00, 0x00, 0x00, 0x00,
    /*  741 U+2823 BRAILLE PATTERN DOTS-126 */
    0x00, 0x60, 0x60, 0x00, 0x00, 0x60, 0x60, 0x00, 0x00, 0x06, 0x06, 0x00, 0x00, 0x00, 0x00, 0x00,
    /*  742 U+2824 BRAILLE PATTERN DOTS-36 */
    0x00, 0x00, 0x00, 0x00, 0x00, 0x00, 0x00, 0x00, 0x00, 0x66, 0x66, 0x00, 0x00, 0x00, 0x00, 0x00,
    /*  743 U+2825 BRAILLE PATTERN DOTS-136 */
    0x00, 0x60, 0x60, 0x00, 0x00, 0x00, 0x00, 0x00, 0x00, 0x66, 0x66, 0x00, 0x00, 0x00, 0x00, 0x00,
    /*  744 U+2826 BRAILLE PATTERN DOTS-236 */
    0x00, 0x00, 0x00, 0x00, 0x00, 0x60, 0x60, 0x00, 0x00, 0x66, 0x66, 0x00, 0x00, 0x00, 0x00, 0x00,
    /*  745 U+2827 BRAILLE PATTERN DOTS-1236 */
    0x00, 0x60, 0x60, 0x00, 0x00, 0x60, 0x60, 0x00, 0x00, 0x66, 0x66, 0x00, 0x00, 0x00, 0x00, 0x00,
    /*  746 U+2828 BRAILLE PATTERN DOTS-46 */
    0x00, 0x06, 0x06, 0x00, 0x00, 0x00, 0x00, 0x00, 0x00, 0x06, 0x06, 0x00, 0x00, 0x00, 0x00, 0x00,
    /*  747 U+2829 BRAILLE PATTERN DOTS-146 */
    0x00, 0x66, 0x66, 0x00, 0x00, 0x00, 0x00, 0x00, 0x00, 0x06, 0x06, 0x00, 0x00, 0x00, 0x00, 0x00,
    /*  748 U+282A BRAILLE PATTERN DOTS-246 */
    0x00, 0x06, 0x06, 0x00, 0x00, 0x60, 0x60, 0x00, 0x00, 0x06, 0x06, 0x00, 0x00, 0x00, 0x00, 0x00,
    /*  749 U+282B BRAILLE PATTERN DOTS-1246 */
    0x00, 0x66, 0x66, 0x00, 0x00, 0x60, 0x60, 0x00, 0x00, 0x06, 0x06, 0x00, 0x00, 0x00, 0x00, 0x00,
    /*  750 U+282C BRAILLE PATTERN DOTS-346 */
    0x00, 0x06, 0x06, 0x00, 0x00, 0x00, 0x00, 0x00, 0x00, 0x66, 0x66, 0x00, 0x00, 0x00, 0x00, 0x00,
    /*  751 U+282D BRAILLE PATTERN DOTS-1346 */
    0x00, 0x66, 0x66, 0x00, 0x00, 0x00, 0x00, 0x00, 0x00, 0x66, 0x66, 0x00, 0x00, 0x00, 0x00, 0x00,
    /*  752 U+282E BRAILLE PATTERN DOTS-2346 */
    0x00, 0x06, 0x06, 0x00, 0x00, 0x60, 0x60, 0x00, 0x00, 0x66, 0x66, 0x00, 0x00, 0x00, 0x00, 0x00,
    /*  753 U+282F BRAILLE PATTERN DOTS-12346 */
    0x00, 0x66, 0x66, 0x00, 0x00, 0x60, 0x60, 0x00, 0x00, 0x66, 0x66, 0x00, 0x00, 0x00, 0x00, 0x00,
    /*  754 U+2830 BRAILLE PATTERN DOTS-56 */
    0x00, 0x00, 0x00, 0x00, 0x00, 0x06, 0x06, 0x00, 0x00, 0x06, 0x06, 0x00, 0x00, 0x00, 0x00, 0x00,
    /*  755 U+2831 BRAILLE PATTERN DOTS-156 */
    0x00, 0x60, 0x60, 0x00, 0x00, 0x06, 0x06, 0x00, 0x00, 0x06, 0x06, 0x00, 0x00, 0x00, 0x00, 0x00,
    /*  756 U+2832 BRAILLE PATTERN DOTS-256 */
    0x00, 0x00, 0x00, 0x00, 0x00, 0x66, 0x66, 0x00, 0x00, 0x06, 0x06, 0x00, 0x00, 0x00, 0x00, 0x00,
    /*  757 U+2833 BRAILLE PATTERN DOTS-1256 */
    0x00, 0x60, 0x60, 0x00, 0x00, 0x66, 0x66, 0x00, 0x00, 0x06, 0x06, 0x00, 0x00, 0x00, 0x00, 0x00,
    /*  758 U+2834 BRAILLE PATTERN DOTS-356 */
    0x00, 0x00, 0x00, 0x00, 0x00, 0x06, 0x06, 0x00, 0x00, 0x66, 0x66, 0x00, 0x00, 0x00, 0x00, 0x00,
    /*  759 U+2835 BRAILLE PATTERN DOTS-1356 */
    0x00, 0x60, 0x60, 0x00, 0x00, 0x06, 0x06, 0x00, 0x00, 0x66, 0x66, 0x00, 0x00, 0x00, 0x00, 0x00,
    /*  760 U+2836 BRAILLE PATTERN DOTS-2356 */
    0x00, 0x00, 0x00, 0x00, 0x00, 0x66, 0x66, 0x00, 0x00, 0x66, 0x66, 0x00, 0x00, 0x00, 0x00, 0x00,
    /*  761 U+2837 BRAILLE PATTERN DOTS-12356 */
    0x00, 0x60, 0x60, 0x00, 0x00, 0x66, 0x66, 0x00, 0x00, 0x66, 0x66, 0x00, 0x00, 0x00, 0x00, 0x00,
    /*  762 U+2838 BRAILLE PATTERN DOTS-456 */
    0x00, 0x06, 0x06, 0x00, 0x00, 0x06, 0x06, 0x00, 0x00, 0x06, 0x06, 0x00, 0x00, 0x00, 0x00, 0x00,
    /*  763 U+2839 BRAILLE PATTERN DOTS-1456 */
    0x00, 0x66, 0x66, 0x00, 0x00, 0x06, 0x06, 0x00, 0x00, 0x06, 0x06, 0x00, 0x00, 0x00, 0x00, 0x00,
    /*  764 U+283A BRAILLE PATTERN DOTS-2456 */
    0x00, 0x06, 0x06, 0x00, 0x00, 0x66, 0x66, 0x00, 0x00, 0x06, 0x06, 0x00, 0x00, 0x00, 0x00, 0x00,
    /*  765 U+283B BRAILLE PATTERN DOTS-12456 */
    0x00, 0x66, 0x66, 0x00, 0x00, 0x66, 0x66, 0x00, 0x00, 0x06, 0x06, 0x00, 0x00, 0x00, 0x00, 0x00,
    /*  766 U+283C BRAILLE PATTERN DOTS-3456 */
    0x00, 0x06, 0x06, 0x00, 0x00, 0x06, 0x06, 0x00, 0x00, 0x66, 0x66, 0x00, 0x00, 0x00, 0x00, 0x00,
    /*  767 U+283D BRAILLE PATTERN DOTS-13456 */
    0x00, 0x66, 0x66, 0x00, 0x00, 0x06, 0x06, 0x00, 0x00, 0x66, 0x66, 0x00, 0x00, 0x00, 0x00, 0x00,
    /*  768 U+283E BRAILLE PATTERN DOTS-23456 */
    0x00, 0x06, 0x06, 0x00, 0x00, 0x66, 0x66, 0x00, 0x00, 0x66, 0x66, 0x00, 0x00, 0x00, 0x00, 0x00,
    /*  769 U+283F BRAILLE PATTERN DOTS-123456 */
    0x00, 0x66, 0x66, 0x00, 0x00, 0x66, 0x66, 0x00, 0x00, 0x66, 0x66, 0x00, 0x00, 0x00, 0x00, 0x00,
    /*  770 U+2840 BRAILLE PATTERN DOTS-7 */
    0x00, 0x00, 0x00, 0x00, 0x00, 0x00, 0x00, 0x00, 0x00, 0x00, 0x00, 0x00, 0x00, 0x60, 0x60, 0x00,
    /*  771 U+2841 BRAILLE PATTERN DOTS-17 */
    0x00, 0x60, 0x60, 0x00, 0x00, 0x00, 0x00, 0x00, 0x00, 0x00, 0x00, 0x00, 0x00, 0x60, 0x60, 0x00,
    /*  772 U+2842 BRAILLE PATTERN DOTS-27 */
    0x00, 0x00, 0x00, 0x00, 0x00, 0x60, 0x60, 0x00, 0x00, 0x00, 0x00, 0x00, 0x00, 0x60, 0x60, 0x00,
    /*  773 U+2843 BRAILLE PATTERN DOTS-127 */
    0x00, 0x60, 0x60, 0x00, 0x00, 0x60, 0x60, 0x00, 0x00, 0x00, 0x00, 0x00, 0x00, 0x60, 0x60, 0x00,
    /*  774 U+2844 BRAILLE PATTERN DOTS-37 */
    0x00, 0x00, 0x00, 0x00, 0x00, 0x00, 0x00, 0x00, 0x00, 0x60, 0x60, 0x00, 0x00, 0x60, 0x60, 0x00,
    /*  775 U+2845 BRAILLE PATTERN DOTS-137 */
    0x00, 0x60, 0x60, 0x00, 0x00, 0x00, 0x00, 0x00, 0x00, 0x60, 0x60, 0x00, 0x00, 0x60, 0x60, 0x00,
    /*  776 U+2846 BRAILLE PATTERN DOTS-237 */
    0x00, 0x00, 0x00, 0x00, 0x00, 0x60, 0x60, 0x00, 0x00, 0x60, 0x60, 0x00, 0x00, 0x60, 0x60, 0x00,
    /*  777 U+2847 BRAILLE PATTERN DOTS-1237 */
    0x00, 0x60, 0x60, 0x00, 0x00, 0x60, 0x60, 0x00, 0x00, 0x60, 0x60, 0x00, 0x00, 0x60, 0x60, 0x00,
    /*  778 U+2848 BRAILLE PATTERN DOTS-47 */
    0x00, 0x06, 0x06, 0x00, 0x00, 0x00, 0x00, 0x00, 0x00, 0x00, 0x00, 0x00, 0x00, 0x60, 0x60, 0x00,
    /*  779 U+2849 BRAILLE PATTERN DOTS-147 */
    0x00, 0x66, 0x66, 0x00, 0x00, 0x00, 0x00, 0x00, 0x00, 0x00, 0x00, 0x00, 0x00, 0x60, 0x60, 0x00,
    /*  780 U+284A BRAILLE PATTERN DOTS-247 */
    0x00, 0x06, 0x06, 0x00, 0x00, 0x60, 0x60, 0x00, 0x00, 0x00, 0x00, 0x00, 0x00, 0x60, 0x60, 0x00,
    /*  781 U+284B BRAILLE PATTERN DOTS-1247 */
    0x00, 0x66, 0x66, 0x00, 0x00, 0x60, 0x60, 0x00, 0x00, 0x00, 0x00, 0x00, 0x00, 0x60, 0x60, 0x00,
    /*  782 U+284C BRAILLE PATTERN DOTS-347 */
    0x00, 0x06, 0x06, 0x00, 0x00, 0x00, 0x00, 0x00, 0x00, 0x60, 0x60, 0x00, 0x00, 0x60, 0x60, 0x00,
    /*  783 U+284D BRAILLE PATTERN DOTS-1347 */
    0x00, 0x66, 0x66, 0x00, 0x00, 0x00, 0x00, 0x00, 0x00, 0x60, 0x60, 0x00, 0x00, 0x60, 0x60, 0x00,
    /*  784 U+284E BRAILLE PATTERN DOTS-2347 */
    0x00, 0x06, 0x06, 0x00, 0x00, 0x60, 0x60, 0x00, 0x00, 0x60, 0x60, 0x00, 0x00, 0x60, 0x60, 0x00,
    /*  785 U+284F BRAILLE PATTERN DOTS-12347 */
    0x00, 0x66, 0x66, 0x00, 0x00, 0x60, 0x60, 0x00, 0x00, 0x60, 0x60, 0x00, 0x00, 0x60, 0x60, 0x00,
    /*  786 U+2850 BRAILLE PATTERN DOTS-57 */
    0x00, 0x00, 0x00, 0x00, 0x00, 0x06, 0x06, 0x00, 0x00, 0x00, 0x00, 0x00, 0x00, 0x60, 0x60, 0x00,
    /*  787 U+2851 BRAILLE PATTERN DOTS-157 */
    0x00, 0x60, 0x60, 0x00, 0x00, 0x06, 0x06, 0x00, 0x00, 0x00, 0x00, 0x00, 0x00, 0x60, 0x60, 0x00,
    /*  788 U+2852 BRAILLE PATTERN DOTS-257 */
    0x00, 0x00, 0x00, 0x00, 0x00, 0x66, 0x66, 0x00, 0x00, 0x00, 0x00, 0x00, 0x00, 0x60, 0x60, 0x00,
    /*  789 U+2853 BRAILLE PATTERN DOTS-1257 */
    0x00, 0x60, 0x60, 0x00, 0x00, 0x66, 0x66, 0x00, 0x00, 0x00, 0x00, 0x00, 0x00, 0x60, 0x60, 0x00,
    /*  790 U+2854 BRAILLE PATTERN DOTS-357 */
    0x00, 0x00, 0x00, 0x00, 0x00, 0x06, 0x06, 0x00, 0x00, 0x60, 0x60, 0x00, 0x00, 0x60, 0x60, 0x00,
    /*  791 U+2855 BRAILLE PATTERN DOTS-1357 */
    0x00, 0x60, 0x60, 0x00, 0x00, 0x06, 0x06, 0x00, 0x00, 0x60, 0x60, 0x00, 0x00, 0x60, 0x60, 0x00,
    /*  792 U+2856 BRAILLE PATTERN DOTS-2357 */
    0x00, 0x00, 0x00, 0x00, 0x00, 0x66, 0x66, 0x00, 0x00, 0x60, 0x60, 0x00, 0x00, 0x60, 0x60, 0x00,
    /*  793 U+2857 BRAILLE PATTERN DOTS-12357 */
    0x00, 0x60, 0x60, 0x00, 0x00, 0x66, 0x66, 0x00, 0x00, 0x60, 0x60, 0x00, 0x00, 0x60, 0x60, 0x00,
    /*  794 U+2858 BRAILLE PATTERN DOTS-457 */
    0x00, 0x06, 0x06, 0x00, 0x00, 0x06, 0x06, 0x00, 0x00, 0x00, 0x00, 0x00, 0x00, 0x60, 0x60, 0x00,
    /*  795 U+2859 BRAILLE PATTERN DOTS-1457 */
    0x00, 0x66, 0x66, 0x00, 0x00, 0x06, 0x06, 0x00, 0x00, 0x00, 0x00, 0x00, 0x00, 0x60, 0x60, 0x00,
    /*  796 U+285A BRAILLE PATTERN DOTS-2457 */
    0x00, 0x06, 0x06, 0x00, 0x00, 0x66, 0x66, 0x00, 0x00, 0x00, 0x00, 0x00, 0x00, 0x60, 0x60, 0x00,
    /*  797 U+285B BRAILLE PATTERN DOTS-12457 */
    0x00, 0x66, 0x66, 0x00, 0x00, 0x66, 0x66, 0x00, 0x00, 0x00, 0x00, 0x00, 0x00, 0x60, 0x60, 0x00,
    /*  798 U+285C BRAILLE PATTERN DOTS-3457 */
    0x00, 0x06, 0x06, 0x00, 0x00, 0x06, 0x06, 0x00, 0x00, 0x60, 0x60, 0x00, 0x00, 0x60, 0x60, 0x00,
    /*  799 U+285D BRAILLE PATTERN DOTS-13457 */
    0x00, 0x66, 0x66, 0x00, 0x00, 0x06, 0x06, 0x00, 0x00, 0x60, 0x60, 0x00, 0x00, 0x60, 0x60, 0x00,
    /*  800 U+285E BRAILLE PATTERN DOTS-23457 */
    0x00, 0x06, 0x06, 0x00, 0x00, 0x66, 0x66, 0x00, 0x00, 0x60, 0x60, 0x00, 0x00, 0x60, 0x60, 0x00,
    /*  801 U+285F BRAILLE PATTERN DOTS-123457 */
    0x00, 0x66, 0x66, 0x00, 0x00, 0x66, 0x66, 0x00, 0x00, 0x60, 0x60, 0x00, 0x00, 0x60, 0x60, 0x00,
    /*  802 U+2860 BRAILLE PATTERN DOTS-67 */
    0x00, 0x00, 0x00, 0x00, 0x00, 0x00, 0x00, 0x00, 0x00, 0x06, 0x06, 0x00, 0x00, 0x60, 0x60, 0x00,
    /*  803 U+2861 BRAILLE PATTERN DOTS-167 */
    0x00, 0x60, 0x60, 0x00, 0x00, 0x00, 0x00, 0x00, 0x00, 0x06, 0x06, 0x00, 0x00, 0x60, 0x60, 0x00,
    /*  804 U+2862 BRAILLE PATTERN DOTS-267 */
    0x00, 0x00, 0x00, 0x00, 0x00, 0x60, 0x60, 0x00, 0x00, 0x06, 0x06, 0x00, 0x00, 0x60, 0x60, 0x00,
    /*  805 U+2863 BRAILLE PATTERN DOTS-1267 */
    0x00, 0x60, 0x60, 0x00, 0x00, 0x60, 0x60, 0x00, 0x00, 0x06, 0x06, 0x00, 0x00, 0x60, 0x60, 0x00,
    /*  806 U+2864 BRAILLE PATTERN DOTS-367 */
    0x00, 0x00, 0x00, 0x00, 0x00, 0x00, 0x00, 0x00, 0x00, 0x66, 0x66, 0x00, 0x00, 0x60, 0x60, 0x00,
    /*  807 U+2865 BRAILLE PATTERN DOTS-1367 */
    0x00, 0x60, 0x60, 0x00, 0x00, 0x00, 0x00, 0x00, 0x00, 0x66, 0x66, 0x00, 0x00, 0x60, 0x60, 0x00,
    /*  808 U+2866 BRAILLE PATTERN DOTS-2367 */
    0x00, 0x00, 0x00, 0x00, 0x00, 0x60, 0x60, 0x00, 0x00, 0x66, 0x66, 0x00, 0x00, 0x60, 0x60, 0x00,
    /*  809 U+2867 BRAILLE PATTERN DOTS-12367 */
    0x00, 0x60, 0x60, 0x00, 0x00, 0x60, 0x60, 0x00, 0x00, 0x66, 0x66, 0x00, 0x00, 0x60, 0x60, 0x00,
    /*  810 U+2868 BRAILLE PATTERN DOTS-467 */
    0x00, 0x06, 0x06, 0x00, 0x00, 0x00, 0x00, 0x00, 0x00, 0x06, 0x06, 0x00, 0x00, 0x60, 0x60, 0x00,
    /*  811 U+2869 BRAILLE PATTERN DOTS-1467 */
    0x00, 0x66, 0x66, 0x00, 0x00, 0x00, 0x00, 0x00, 0x00, 0x06, 0x06, 0x00, 0x00, 0x60, 0x60, 0x00,
    /*  812 U+286A BRAILLE PATTERN DOTS-2467 */
    0x00, 0x06, 0x06, 0x00, 0x00, 0x60, 0x60, 0x00, 0x00, 0x06, 0x06, 0x00, 0x00, 0x60, 0x60, 0x00,
    /*  813 U+286B BRAILLE PATTERN DOTS-12467 */
    0x00, 0x66, 0x66, 0x00, 0x00, 0x60, 0x60, 0x00, 0x00, 0x06, 0x06, 0x00, 0x00, 0x60, 0x60, 0x00,
    /*  814 U+286C BRAILLE PATTERN DOTS-3467 */
    0x00, 0x06, 0x06, 0x00, 0x00, 0x00, 0x00, 0x00, 0x00, 0x66, 0x66, 0x00, 0x00, 0x60, 0x60, 0x00,
    /*  815 U+286D BRAILLE PATTERN DOTS-13467 */
    0x00, 0x66, 0x66, 0x00, 0x00, 0x00, 0x00, 0x00, 0x00, 0x66, 0x66, 0x00, 0x00, 0x60, 0x60, 0x00,
    /*  816 U+286E BRAILLE PATTERN DOTS-23467 */
    0x00, 0x06, 0x06, 0x00, 0x00, 0x60, 0x60, 0x00, 0x00, 0x66, 0x66, 0x00, 0x00, 0x60, 0x60, 0x00,
    /*  817 U+286F BRAILLE PATTERN DOTS-123467 */
    0x00, 0x66, 0x66, 0x00, 0x00, 0x60, 0x60, 0x00, 0x00, 0x66, 0x66, 0x00, 0x00, 0x60, 0x60, 0x00,
    /*  818 U+2870 BRAILLE PATTERN DOTS-567 */
    0x00, 0x00, 0x00, 0x00, 0x00, 0x06, 0x06, 0x00, 0x00, 0x06, 0x06, 0x00, 0x00, 0x60, 0x60, 0x00,
    /*  819 U+2871 BRAILLE PATTERN DOTS-1567 */
    0x00, 0x60, 0x60, 0x00, 0x00, 0x06, 0x06, 0x00, 0x00, 0x06, 0x06, 0x00, 0x00, 0x60, 0x60, 0x00,
    /*  820 U+2872 BRAILLE PATTERN DOTS-2567 */
    0x00, 0x00, 0x00, 0x00, 0x00, 0x66, 0x66, 0x00, 0x00, 0x06, 0x06, 0x00, 0x00, 0x60, 0x60, 0x00,
    /*  821 U+2873 BRAILLE PATTERN DOTS-12567 */
    0x00, 0x60, 0x60, 0x00, 0x00, 0x66, 0x66, 0x00, 0x00, 0x06, 0x06, 0x00, 0x00, 0x60, 0x60, 0x00,
    /*  822 U+2874 BRAILLE PATTERN DOTS-3567 */
    0x00, 0x00, 0x00, 0x00, 0x00, 0x06, 0x06, 0x00, 0x00, 0x66, 0x66, 0x00, 0x00, 0x60, 0x60, 0x00,
    /*  823 U+2875 BRAILLE PATTERN DOTS-13567 */
    0x00, 0x60, 0x60, 0x00, 0x00, 0x06, 0x06, 0x00, 0x00, 0x66, 0x66, 0x00, 0x00, 0x60, 0x60, 0x00,
    /*  824 U+2876 BRAILLE PATTERN DOTS-23567 */
    0x00, 0x00, 0x00, 0x00, 0x00, 0x66, 0x66, 0x00, 0x00, 0x66, 0x66, 0x00, 0x00, 0x60, 0x60, 0x00,
    /*  825 U+2877 BRAILLE PATTERN DOTS-123567 */
    0x00, 0x60, 0x60, 0x00, 0x00, 0x66, 0x66, 0x00, 0x00, 0x66, 0x66, 0x00, 0x00, 0x60, 0x60, 0x00,
    /*  826 U+2878 BRAILLE PATTERN DOTS-4567 */
    0x00, 0x06, 0x06, 0x00, 0x00, 0x06, 0x06, 0x00, 0x00, 0x06, 0x06, 0x00, 0x00, 0x60, 0x60, 0x00,
    /*  827 U+2879 BRAILLE PATTERN DOTS-14567 */
    0x00, 0x66, 0x66, 0x00, 0x00, 0x06, 0x06, 0x00, 0x00, 0x06, 0x06, 0x00, 0x00, 0x60, 0x60, 0x00,
    /*  828 U+287A BRAILLE PATTERN DOTS-24567 */
    0x00, 0x06, 0x06, 0x00, 0x00, 0x66, 0x66, 0x00, 0x00, 0x06, 0x06, 0x00, 0x00, 0x60, 0x60, 0x00,
    /*  829 U+287B BRAILLE PATTERN DOTS-124567 */
    0x00, 0x66, 0x66, 0x00, 0x00, 0x66, 0x66, 0x00, 0x00, 0x06, 0x06, 0x00, 0x00, 0x60, 0x60, 0x00,
    /*  830 U+287C BRAILLE PATTERN DOTS-34567 */
    0x00, 0x06, 0x06, 0x00, 0x00, 0x06, 0x06, 0x00, 0x00, 0x66, 0x66, 0x00, 0x00, 0x60, 0x60, 0x00,
    /*  831 U+287D BRAILLE PATTERN DOTS-134567 */
    0x00, 0x66, 0x66, 0x00, 0x00, 0x06, 0x06, 0x00, 0x00, 0x66, 0x66, 0x00, 0x00, 0x60, 0x60, 0x00,
    /*  832 U+287E BRAILLE PATTERN DOTS-234567 */
    0x00, 0x06, 0x06, 0x00, 0x00, 0x66, 0x66, 0x00, 0x00, 0x66, 0x66, 0x00, 0x00, 0x60, 0x60, 0x00,
    /*  833 U+287F BRAILLE PATTERN DOTS-1234567 */
    0x00, 0x66, 0x66, 0x00, 0x00, 0x66, 0x66, 0x00, 0x00, 0x66, 0x66, 0x00, 0x00, 0x60, 0x60, 0x00,
    /*  834 U+2880 BRAILLE PATTERN DOTS-8 */
    0x00, 0x00, 0x00, 0x00, 0x00, 0x00, 0x00, 0x00, 0x00, 0x00, 0x00, 0x00, 0x00, 0x06, 0x06, 0x00,
    /*  835 U+2881 BRAILLE PATTERN DOTS-18 */
    0x00, 0x60, 0x60, 0x00, 0x00, 0x00, 0x00, 0x00, 0x00, 0x00, 0x00, 0x00, 0x00, 0x06, 0x06, 0x00,
    /*  836 U+2882 BRAILLE PATTERN DOTS-28 */
    0x00, 0x00, 0x00, 0x00, 0x00, 0x60, 0x60, 0x00, 0x00, 0x00, 0x00, 0x00, 0x00, 0x06, 0x06, 0x00,
    /*  837 U+2883 BRAILLE PATTERN DOTS-128 */
    0x00, 0x60, 0x60, 0x00, 0x00, 0x60, 0x60, 0x00, 0x00, 0x00, 0x00, 0x00, 0x00, 0x06, 0x06, 0x00,
    /*  838 U+2884 BRAILLE PATTERN DOTS-38 */
    0x00, 0x00, 0x00, 0x00, 0x00, 0x00, 0x00, 0x00, 0x00, 0x60, 0x60, 0x00, 0x00, 0x06, 0x06, 0x00,
    /*  839 U+2885 BRAILLE PATTERN DOTS-138 */
    0x00, 0x60, 0x60, 0x00, 0x00, 0x00, 0x00, 0x00, 0x00, 0x60, 0x60, 0x00, 0x00, 0x06, 0x06, 0x00,
    /*  840 U+2886 BRAILLE PATTERN DOTS-238 */
    0x00, 0x00, 0x00, 0x00, 0x00, 0x60, 0x60, 0x00, 0x00, 0x60, 0x60, 0x00, 0x00, 0x06, 0x06, 0x00,
    /*  841 U+2887 BRAILLE PATTERN DOTS-1238 */
    0x00, 0x60, 0x60, 0x00, 0x00, 0x60, 0x60, 0x00, 0x00, 0x60, 0x60, 0x00, 0x00, 0x06, 0x06, 0x00,
    /*  842 U+2888 BRAILLE PATTERN DOTS-48 */
    0x00, 0x06, 0x06, 0x00, 0x00, 0x00, 0x00, 0x00, 0x00, 0x00, 0x00, 0x00, 0x00, 0x06, 0x06, 0x00,
    /*  843 U+2889 BRAILLE PATTERN DOTS-148 */
    0x00, 0x66, 0x66, 0x00, 0x00, 0x00, 0x00, 0x00, 0x00, 0x00, 0x00, 0x00, 0x00, 0x06, 0x06, 0x00,
    /*  844 U+288A BRAILLE PATTERN DOTS-248 */
    0x00, 0x06, 0x06, 0x00, 0x00, 0x60, 0x60, 0x00, 0x00, 0x00, 0x00, 0x00, 0x00, 0x06, 0x06, 0x00,
    /*  845 U+288B BRAILLE PATTERN DOTS-1248 */
    0x00, 0x66, 0x66, 0x00, 0x00, 0x60, 0x60, 0x00, 0x00, 0x00, 0x00, 0x00, 0x00, 0x06, 0x06, 0x00,
    /*  846 U+288C BRAILLE PATTERN DOTS-348 */
    0x00, 0x06, 0x06, 0x00, 0x00, 0x00, 0x00, 0x00, 0x00, 0x60, 0x60, 0x00, 0x00, 0x06, 0x06, 0x00,
    /*  847 U+288D BRAILLE PATTERN DOTS-1348 */
    0x00, 0x66, 0x66, 0x00, 0x00, 0x00, 0x00, 0x00, 0x00, 0x60, 0x60, 0x00, 0x00, 0x06, 0x06, 0x00,
    /*  848 U+288E BRAILLE PATTERN DOTS-2348 */
    0x00, 0x06, 0x06, 0x00, 0x00, 0x60, 0x60, 0x00, 0x00, 0x60, 0x60, 0x00, 0x00, 0x06, 0x06, 0x00,
    /*  849 U+288F BRAILLE PATTERN DOTS-12348 */
    0x00, 0x66, 0x66, 0x00, 0x00, 0x60, 0x60, 0x00, 0x00, 0x60, 0x60, 0x00, 0x00, 0x06, 0x06, 0x00,
    /*  850 U+2890 BRAILLE PATTERN DOTS-58 */
    0x00, 0x00, 0x00, 0x00, 0x00, 0x06, 0x06, 0x00, 0x00, 0x00, 0x00, 0x00, 0x00, 0x06, 0x06, 0x00,
    /*  851 U+2891 BRAILLE PATTERN DOTS-158 */
    0x00, 0x60, 0x60, 0x00, 0x00, 0x06, 0x06, 0x00, 0x00, 0x00, 0x00, 0x00, 0x00, 0x06, 0x06, 0x00,
    /*  852 U+2892 BRAILLE PATTERN DOTS-258 */
    0x00, 0x00, 0x00, 0x00, 0x00, 0x66, 0x66, 0x00, 0x00, 0x00, 0x00, 0x00, 0x00, 0x06, 0x06, 0x00,
    /*  853 U+2893 BRAILLE PATTERN DOTS-1258 */
    0x00, 0x60, 0x60, 0x00, 0x00, 0x66, 0x66, 0x00, 0x00, 0x00, 0x00, 0x00, 0x00, 0x06, 0x06, 0x00,
    /*  854 U+2894 BRAILLE PATTERN DOTS-358 */
    0x00, 0x00, 0x00, 0x00, 0x00, 0x06, 0x06, 0x00, 0x00, 0x60, 0x60, 0x00, 0x00, 0x06, 0x06, 0x00,
    /*  855 U+2895 BRAILLE PATTERN DOTS-1358 */
    0x00, 0x60, 0x60, 0x00, 0x00, 0x06, 0x06, 0x00, 0x00, 0x60, 0x60, 0x00, 0x00, 0x06, 0x06, 0x00,
    /*  856 U+2896 BRAILLE PATTERN DOTS-2358 */
    0x00, 0x00, 0x00, 0x00, 0x00, 0x66, 0x66, 0x00, 0x00, 0x60, 0x60, 0x00, 0x00, 0x06, 0x06, 0x00,
    /*  857 U+2897 BRAILLE PATTERN DOTS-12358 */
    0x00, 0x60, 0x60, 0x00, 0x00, 0x66, 0x66, 0x00, 0x00, 0x60, 0x60, 0x00, 0x00, 0x06, 0x06, 0x00,
    /*  858 U+2898 BRAILLE PATTERN DOTS-458 */
    0x00, 0x06, 0x06, 0x00, 0x00, 0x06, 0x06, 0x00, 0x00, 0x00, 0x00, 0x00, 0x00, 0x06, 0x06, 0x00,
    /*  859 U+2899 BRAILLE PATTERN DOTS-1458 */
    0x00, 0x66, 0x66, 0x00, 0x00, 0x06, 0x06, 0x00, 0x00, 0x00, 0x00, 0x00, 0x00, 0x06, 0x06, 0x00,
    /*  860 U+289A BRAILLE PATTERN DOTS-2458 */
    0x00, 0x06, 0x06, 0x00, 0x00, 0x66, 0x66, 0x00, 0x00, 0x00, 0x00, 0x00, 0x00, 0x06, 0x06, 0x00,
    /*  861 U+289B BRAILLE PATTERN DOTS-12458 */
    0x00, 0x66, 0x66, 0x00, 0x00, 0x66, 0x66, 0x00, 0x00, 0x00, 0x00, 0x00, 0x00, 0x06, 0x06, 0x00,
    /*  862 U+289C BRAILLE PATTERN DOTS-3458 */
    0x00, 0x06, 0x06, 0x00, 0x00, 0x06, 0x06, 0x00, 0x00, 0x60, 0x60, 0x00, 0x00, 0x06, 0x06, 0x00,
    /*  863 U+289D BRAILLE PATTERN DOTS-13458 */
    0x00, 0x66, 0x66, 0x00, 0x00, 0x06, 0x06, 0x00, 0x00, 0x60, 0x60, 0x00, 0x00, 0x06, 0x06, 0x00,
    /*  864 U+289E BRAILLE PATTERN DOTS-23458 */
    0x00, 0x06, 0x06, 0x00, 0x00, 0x66, 0x66, 0x00, 0x00, 0x60, 0x60, 0x00, 0x00, 0x06, 0x06, 0x00,
    /*  865 U+289F BRAILLE PATTERN DOTS-123458 */
    0x00, 0x66, 0x66, 0x00, 0x00, 0x66, 0x66, 0x00, 0x00, 0x60, 0x60, 0x00, 0x00, 0x06, 0x06, 0x00,
    /*  866 U+28A0 BRAILLE PATTERN DOTS-68 */
    0x00, 0x00, 0x00, 0x00, 0x00, 0x00, 0x00, 0x00, 0x00, 0x06, 0x06, 0x00, 0x00, 0x06, 0x06, 0x00,
    /*  867 U+28A1 BRAILLE PATTERN DOTS-168 */
    0x00, 0x60, 0x60, 0x00, 0x00, 0x00, 0x00, 0x00, 0x00, 0x06, 0x06, 0x00, 0x00, 0x06, 0x06, 0x00,
    /*  868 U+28A2 BRAILLE PATTERN DOTS-268 */
    0x00, 0x00, 0x00, 0x00, 0x00, 0x60, 0x60, 0x00, 0x00, 0x06, 0x06, 0x00, 0x00, 0x06, 0x06, 0x00,
    /*  869 U+28A3 BRAILLE PATTERN DOTS-1268 */
    0x00, 0x60, 0x60, 0x00, 0x00, 0x60, 0x60, 0x00, 0x00, 0x06, 0x06, 0x00, 0x00, 0x06, 0x06, 0x00,
    /*  870 U+28A4 BRAILLE PATTERN DOTS-368 */
    0x00, 0x00, 0x00, 0x00, 0x00, 0x00, 0x00, 0x00, 0x00, 0x66, 0x66, 0x00, 0x00, 0x06, 0x06, 0x00,
    /*  871 U+28A5 BRAILLE PATTERN DOTS-1368 */
    0x00, 0x60, 0x60, 0x00, 0x00, 0x00, 0x00, 0x00, 0x00, 0x66, 0x66, 0x00, 0x00, 0x06, 0x06, 0x00,
    /*  872 U+28A6 BRAILLE PATTERN DOTS-2368 */
    0x00, 0x00, 0x00, 0x00, 0x00, 0x60, 0x60, 0x00, 0x00, 0x66, 0x66, 0x00, 0x00, 0x06, 0x06, 0x00,
    /*  873 U+28A7 BRAILLE PATTERN DOTS-12368 */
    0x00, 0x60, 0x60, 0x00, 0x00, 0x60, 0x60, 0x00, 0x00, 0x66, 0x66, 0x00, 0x00, 0x06, 0x06, 0x00,
    /*  874 U+28A8 BRAILLE PATTERN DOTS-468 */
    0x00, 0x06, 0x06, 0x00, 0x00, 0x00, 0x00, 0x00, 0x00, 0x06, 0x06, 0x00, 0x00, 0x06, 0x06, 0x00,
    /*  875 U+28A9 BRAILLE PATTERN DOTS-1468 */
    0x00, 0x66, 0x66, 0x00, 0x00, 0x00, 0x00, 0x00, 0x00, 0x06, 0x06, 0x00, 0x00, 0x06, 0x06, 0x00,
    /*  876 U+28AA BRAILLE PATTERN DOTS-2468 */
    0x00, 0x06, 0x06, 0x00, 0x00, 0x60, 0x60, 0x00, 0x00, 0x06, 0x06, 0x00, 0x00, 0x06, 0x06, 0x00,
    /*  877 U+28AB BRAILLE PATTERN DOTS-12468 */
    0x00, 0x66, 0x66, 0x00, 0x00, 0x60, 0x60, 0x00, 0x00, 0x06, 0x06, 0x00, 0x00, 0x06, 0x06, 0x00,
    /*  878 U+28AC BRAILLE PATTERN DOTS-3468 */
    0x00, 0x06, 0x06, 0x00, 0x00, 0x00, 0x00, 0x00, 0x00, 0x66, 0x66, 0x00, 0x00, 0x06, 0x06, 0x00,
    /*  879 U+28AD BRAILLE PATTERN DOTS-13468 */
    0x00, 0x66, 0x66, 0x00, 0x00, 0x00, 0x00, 0x00, 0x00, 0x66, 0x66, 0x00, 0x00, 0x06, 0x06, 0x00,
    /*  880 U+28AE BRAILLE PATTERN DOTS-23468 */
    0x00, 0x06, 0x06, 0x00, 0x00, 0x60, 0x60, 0x00, 0x00, 0x66, 0x66, 0x00, 0x00, 0x06, 0x06, 0x00,
    /*  881 U+28AF BRAILLE PATTERN DOTS-123468 */
    0x00, 0x66, 0x66, 0x00, 0x00, 0x60, 0x60, 0x00, 0x00, 0x66, 0x66, 0x00, 0x00, 0x06, 0x06, 0x00,
    /*  882 U+28B0 BRAILLE PATTERN DOTS-568 */
    0x00, 0x00, 0x00, 0x00, 0x00, 0x06, 0x06, 0x00, 0x00, 0x06, 0x06, 0x00, 0x00, 0x06, 0x06, 0x00,
    /*  883 U+28B1 BRAILLE PATTERN DOTS-1568 */
    0x00, 0x60, 0x60, 0x00, 0x00, 0x06, 0x06, 0x00, 0x00, 0x06, 0x06, 0x00, 0x00, 0x06, 0x06, 0x00,
    /*  884 U+28B2 BRAILLE PATTERN DOTS-2568 */
    0x00, 0x00, 0x00, 0x00, 0x00, 0x66, 0x66, 0x00, 0x00, 0x06, 0x06, 0x00, 0x00, 0x06, 0x06, 0x00,
    /*  885 U+28B3 BRAILLE PATTERN DOTS-12568 */
    0x00, 0x60, 0x60, 0x00, 0x00, 0x66, 0x66, 0x00, 0x00, 0x06, 0x06, 0x00, 0x00, 0x06, 0x06, 0x00,
    /*  886 U+28B4 BRAILLE PATTERN DOTS-3568 */
    0x00, 0x00, 0x00, 0x00, 0x00, 0x06, 0x06, 0x00, 0x00, 0x66, 0x66, 0x00, 0x00, 0x06, 0x06, 0x00,
    /*  887 U+28B5 BRAILLE PATTERN DOTS-13568 */
    0x00, 0x60, 0x60, 0x00, 0x00, 0x06, 0x06, 0x00, 0x00, 0x66, 0x66, 0x00, 0x00, 0x06, 0x06, 0x00,
    /*  888 U+28B6 BRAILLE PATTERN DOTS-23568 */
    0x00, 0x00, 0x00, 0x00, 0x00, 0x66, 0x66, 0x00, 0x00, 0x66, 0x66, 0x00, 0x00, 0x06, 0x06, 0x00,
    /*  889 U+28B7 BRAILLE PATTERN DOTS-123568 */
    0x00, 0x60, 0x60, 0x00, 0x00, 0x66, 0x66, 0x00, 0x00, 0x66, 0x66, 0x00, 0x00, 0x06, 0x06, 0x00,
    /*  890 U+28B8 BRAILLE PATTERN DOTS-4568 */
    0x00, 0x06, 0x06, 0x00, 0x00, 0x06, 0x06, 0x00, 0x00, 0x06, 0x06, 0x00, 0x00, 0x06, 0x06, 0x00,
    /*  891 U+28B9 BRAILLE PATTERN DOTS-14568 */
    0x00, 0x66, 0x66, 0x00, 0x00, 0x06, 0x06, 0x00, 0x00, 0x06, 0x06, 0x00, 0x00, 0x06, 0x06, 0x00,
    /*  892 U+28BA BRAILLE PATTERN DOTS-24568 */
    0x00, 0x06, 0x06, 0x00, 0x00, 0x66, 0x66, 0x00, 0x00, 0x06, 0x06, 0x00, 0x00, 0x06, 0x06, 0x00,
    /*  893 U+28BB BRAILLE PATTERN DOTS-124568 */
    0x00, 0x66, 0x66, 0x00, 0x00, 0x66, 0x66, 0x00, 0x00, 0x06, 0x06, 0x00, 0x00, 0x06, 0x06, 0x00,
    /*  894 U+28BC BRAILLE PATTERN DOTS-34568 */
    0x00, 0x06, 0x06, 0x00, 0x00, 0x06, 0x06, 0x00, 0x00, 0x66, 0x66, 0x00, 0x00, 0x06, 0x06, 0x00,
    /*  895 U+28BD BRAILLE PATTERN DOTS-134568 */
    0x00, 0x66, 0x66, 0x00, 0x00, 0x06, 0x06, 0x00, 0x00, 0x66, 0x66, 0x00, 0x00, 0x06, 0x06, 0x00,
    /*  896 U+28BE BRAILLE PATTERN DOTS-234568 */
    0x00, 0x06, 0x06, 0x00, 0x00, 0x66, 0x66, 0x00, 0x00, 0x66, 0x66, 0x00, 0x00, 0x06, 0x06, 0x00,
    /*  897 U+28BF BRAILLE PATTERN DOTS-1234568 */
    0x00, 0x66, 0x66, 0x00, 0x00, 0x66, 0x66, 0x00, 0x00, 0x66, 0x66, 0x00, 0x00, 0x06, 0x06, 0x00,
    /*  898 U+28C0 BRAILLE PATTERN DOTS-78 */
    0x00, 0x00, 0x00, 0x00, 0x00, 0x00, 0x00, 0x00, 0x00, 0x00, 0x00, 0x00, 0x00, 0x66, 0x66, 0x00,
    /*  899 U+28C1 BRAILLE PATTERN DOTS-178 */
    0x00, 0x60, 0x60, 0x00, 0x00, 0x00, 0x00, 0x00, 0x00, 0x00, 0x00, 0x00, 0x00, 0x66, 0x66, 0x00,
    /*  900 U+28C2 BRAILLE PATTERN DOTS-278 */
    0x00, 0x00, 0x00, 0x00, 0x00, 0x60, 0x60, 0x00, 0x00, 0x00, 0x00, 0x00, 0x00, 0x66, 0x66, 0x00,
    /*  901 U+28C3 BRAILLE PATTERN DOTS-1278 */
    0x00, 0x60, 0x60, 0x00, 0x00, 0x60, 0x60, 0x00, 0x00, 0x00, 0x00, 0x00, 0x00, 0x66, 0x66, 0x00,
    /*  902 U+28C4 BRAILLE PATTERN DOTS-378 */
    0x00, 0x00, 0x00, 0x00, 0x00, 0x00, 0x00, 0x00, 0x00, 0x60, 0x60, 0x00, 0x00, 0x66, 0x66, 0x00,
    /*  903 U+28C5 BRAILLE PATTERN DOTS-1378 */
    0x00, 0x60, 0x60, 0x00, 0x00, 0x00, 0x00, 0x00, 0x00, 0x60, 0x60, 0x00, 0x00, 0x66, 0x66, 0x00,
    /*  904 U+28C6 BRAILLE PATTERN DOTS-2378 */
    0x00, 0x00, 0x00, 0x00, 0x00, 0x60, 0x60, 0x00, 0x00, 0x60, 0x60, 0x00, 0x00, 0x66, 0x66, 0x00,
    /*  905 U+28C7 BRAILLE PATTERN DOTS-12378 */
    0x00, 0x60, 0x60, 0x00, 0x00, 0x60, 0x60, 0x00, 0x00, 0x60, 0x60, 0x00, 0x00, 0x66, 0x66, 0x00,
    /*  906 U+28C8 BRAILLE PATTERN DOTS-478 */
    0x00, 0x06, 0x06, 0x00, 0x00, 0x00, 0x00, 0x00, 0x00, 0x00, 0x00, 0x00, 0x00, 0x66, 0x66, 0x00,
    /*  907 U+28C9 BRAILLE PATTERN DOTS-1478 */
    0x00, 0x66, 0x66, 0x00, 0x00, 0x00, 0x00, 0x00, 0x00, 0x00, 0x00, 0x00, 0x00, 0x66, 0x66, 0x00,
    /*  908 U+28CA BRAILLE PATTERN DOTS-2478 */
    0x00, 0x06, 0x06, 0x00, 0x00, 0x60, 0x60, 0x00, 0x00, 0x00, 0x00, 0x00, 0x00, 0x66, 0x66, 0x00,
    /*  909 U+28CB BRAILLE PATTERN DOTS-12478 */
    0x00, 0x66, 0x66, 0x00, 0x00, 0x60, 0x60, 0x00, 0x00, 0x00, 0x00, 0x00, 0x00, 0x66, 0x66, 0x00,
    /*  910 U+28CC BRAILLE PATTERN DOTS-3478 */
    0x00, 0x06, 0x06, 0x00, 0x00, 0x00, 0x00, 0x00, 0x00, 0x60, 0x60, 0x00, 0x00, 0x66, 0x66, 0x00,
    /*  911 U+28CD BRAILLE PATTERN DOTS-13478 */
    0x00, 0x66, 0x66, 0x00, 0x00, 0x00, 0x00, 0x00, 0x00, 0x60, 0x60, 0x00, 0x00, 0x66, 0x66, 0x00,
    /*  912 U+28CE BRAILLE PATTERN DOTS-23478 */
    0x00, 0x06, 0x06, 0x00, 0x00, 0x60, 0x60, 0x00, 0x00, 0x60, 0x60, 0x00, 0x00, 0x66, 0x66, 0x00,
    /*  913 U+28CF BRAILLE PATTERN DOTS-123478 */
    0x00, 0x66, 0x66, 0x00, 0x00, 0x60, 0x60, 0x00, 0x00, 0x60, 0x60, 0x00, 0x00, 0x66, 0x66, 0x00,
    /*  914 U+28D0 BRAILLE PATTERN DOTS-578 */
    0x00, 0x00, 0x00, 0x00, 0x00, 0x06, 0x06, 0x00, 0x00, 0x00, 0x00, 0x00, 0x00, 0x66, 0x66, 0x00,
    /*  915 U+28D1 BRAILLE PATTERN DOTS-1578 */
    0x00, 0x60, 0x60, 0x00, 0x00, 0x06, 0x06, 0x00, 0x00, 0x00, 0x00, 0x00, 0x00, 0x66, 0x66, 0x00,
    /*  916 U+28D2 BRAILLE PATTERN DOTS-2578 */
    0x00, 0x00, 0x00, 0x00, 0x00, 0x66, 0x66, 0x00, 0x00, 0x00, 0x00, 0x00, 0x00, 0x66, 0x66, 0x00,
    /*  917 U+28D3 BRAILLE PATTERN DOTS-12578 */
    0x00, 0x60, 0x60, 0x00, 0x00, 0x66, 0x66, 0x00, 0x00, 0x00, 0x00, 0x00, 0x00, 0x66, 0x66, 0x00,
    /*  918 U+28D4 BRAILLE PATTERN DOTS-3578 */
    0x00, 0x00, 0x00, 0x00, 0x00, 0x06, 0x06, 0x00, 0x00, 0x60, 0x60, 0x00, 0x00, 0x66, 0x66, 0x00,
    /*  919 U+28D5 BRAILLE PATTERN DOTS-13578 */
    0x00, 0x60, 0x60, 0x00, 0x00, 0x06, 0x06, 0x00, 0x00, 0x60, 0x60, 0x00, 0x00, 0x66, 0x66, 0x00,
    /*  920 U+28D6 BRAILLE PATTERN DOTS-23578 */
    0x00, 0x00, 0x00, 0x00, 0x00, 0x66, 0x66, 0x00, 0x00, 0x60, 0x60, 0x00, 0x00, 0x66, 0x66, 0x00,
    /*  921 U+28D7 BRAILLE PATTERN DOTS-123578 */
    0x00, 0x60, 0x60, 0x00, 0x00, 0x66, 0x66, 0x00, 0x00, 0x60, 0x60, 0x00, 0x00, 0x66, 0x66, 0x00,
    /*  922 U+28D8 BRAILLE PATTERN DOTS-4578 */
    0x00, 0x06, 0x06, 0x00, 0x00, 0x06, 0x06, 0x00, 0x00, 0x00, 0x00, 0x00, 0x00, 0x66, 0x66, 0x00,
    /*  923 U+28D9 BRAILLE PATTERN DOTS-14578 */
    0x00, 0x66, 0x66, 0x00, 0x00, 0x06, 0x06, 0x00, 0x00, 0x00, 0x00, 0x00, 0x00, 0x66, 0x66, 0x00,
    /*  924 U+28DA BRAILLE PATTERN DOTS-24578 */
    0x00, 0x06, 0x06, 0x00, 0x00, 0x66, 0x66, 0x00, 0x00, 0x00, 0x00, 0x00, 0x00, 0x66, 0x66, 0x00,
    /*  925 U+28DB BRAILLE PATTERN DOTS-124578 */
    0x00, 0x66, 0x66, 0x00, 0x00, 0x66, 0x66, 0x00, 0x00, 0x00, 0x00, 0x00, 0x00, 0x66, 0x66, 0x00,
    /*  926 U+28DC BRAILLE PATTERN DOTS-34578 */
    0x00, 0x06, 0x06, 0x00, 0x00, 0x06, 0x06, 0x00, 0x00, 0x60, 0x60, 0x00, 0x00, 0x66, 0x66, 0x00,
    /*  927 U+28DD BRAILLE PATTERN DOTS-134578 */
    0x00, 0x66, 0x66, 0x00, 0x00, 0x06, 0x06, 0x00, 0x00, 0x60, 0x60, 0x00, 0x00, 0x66, 0x66, 0x00,
    /*  928 U+28DE BRAILLE PATTERN DOTS-234578 */
    0x00, 0x06, 0x06, 0x00, 0x00, 0x66, 0x66, 0x00, 0x00, 0x60, 0x60, 0x00, 0x00, 0x66, 0x66, 0x00,
    /*  929 U+28DF BRAILLE PATTERN DOTS-1234578 */
    0x00, 0x66, 0x66, 0x00, 0x00, 0x66, 0x66, 0x00, 0x00, 0x60, 0x60, 0x00, 0x00, 0x66, 0x66, 0x00,
    /*  930 U+28E0 BRAILLE PATTERN DOTS-678 */
    0x00, 0x00, 0x00, 0x00, 0x00, 0x00, 0x00, 0x00, 0x00, 0x06, 0x06, 0x00, 0x00, 0x66, 0x66, 0x00,
    /*  931 U+28E1 BRAILLE PATTERN DOTS-1678 */
    0x00, 0x60, 0x60, 0x00, 0x00, 0x00, 0x00, 0x00, 0x00, 0x06, 0x06, 0x00, 0x00, 0x66, 0x66, 0x00,
    /*  932 U+28E2 BRAILLE PATTERN DOTS-2678 */
    0x00, 0x00, 0x00, 0x00, 0x00, 0x60, 0x60, 0x00, 0x00, 0x06, 0x06, 0x00, 0x00, 0x66, 0x66, 0x00,
    /*  933 U+28E3 BRAILLE PATTERN DOTS-12678 */
    0x00, 0x60, 0x60, 0x00, 0x00, 0x60, 0x60, 0x00, 0x00, 0x06, 0x06, 0x00, 0x00, 0x66, 0x66, 0x00,
    /*  934 U+28E4 BRAILLE PATTERN DOTS-3678 */
    0x00, 0x00, 0x00, 0x00, 0x00, 0x00, 0x00, 0x00, 0x00, 0x66, 0x66, 0x00, 0x00, 0x66, 0x66, 0x00,
    /*  935 U+28E5 BRAILLE PATTERN DOTS-13678 */
    0x00, 0x60, 0x60, 0x00, 0x00, 0x00, 0x00, 0x00, 0x00, 0x66, 0x66, 0x00, 0x00, 0x66, 0x66, 0x00,
    /*  936 U+28E6 BRAILLE PATTERN DOTS-23678 */
    0x00, 0x00, 0x00, 0x00, 0x00, 0x60, 0x60, 0x00, 0x00, 0x66, 0x66, 0x00, 0x00, 0x66, 0x66, 0x00,
    /*  937 U+28E7 BRAILLE PATTERN DOTS-123678 */
    0x00, 0x60, 0x60, 0x00, 0x00, 0x60, 0x60, 0x00, 0x00, 0x66, 0x66, 0x00, 0x00, 0x66, 0x66, 0x00,
    /*  938 U+28E8 BRAILLE PATTERN DOTS-4678 */
    0x00, 0x06, 0x06, 0x00, 0x00, 0x00, 0x00, 0x00, 0x00, 0x06, 0x06, 0x00, 0x00, 0x66, 0x66, 0x00,
    /*  939 U+28E9 BRAILLE PATTERN DOTS-14678 */
    0x00, 0x66, 0x66, 0x00, 0x00, 0x00, 0x00, 0x00, 0x00, 0x06, 0x06, 0x00, 0x00, 0x66, 0x66, 0x00,
    /*  940 U+28EA BRAILLE PATTERN DOTS-24678 */
    0x00, 0x06, 0x06, 0x00, 0x00, 0x60, 0x60, 0x00, 0x00, 0x06, 0x06, 0x00, 0x00, 0x66, 0x66, 0x00,
    /*  941 U+28EB BRAILLE PATTERN DOTS-124678 */
    0x00, 0x66, 0x66, 0x00, 0x00, 0x60, 0x60, 0x00, 0x00, 0x06, 0x06, 0x00, 0x00, 0x66, 0x66, 0x00,
    /*  942 U+28EC BRAILLE PATTERN DOTS-34678 */
    0x00, 0x06, 0x06, 0x00, 0x00, 0x00, 0x00, 0x00, 0x00, 0x66, 0x66, 0x00, 0x00, 0x66, 0x66, 0x00,
    /*  943 U+28ED BRAILLE PATTERN DOTS-134678 */
    0x00, 0x66, 0x66, 0x00, 0x00, 0x00, 0x00, 0x00, 0x00, 0x66, 0x66, 0x00, 0x00, 0x66, 0x66, 0x00,
    /*  944 U+28EE BRAILLE PATTERN DOTS-234678 */
    0x00, 0x06, 0x06, 0x00, 0x00, 0x60, 0x60, 0x00, 0x00, 0x66, 0x66, 0x00, 0x00, 0x66, 0x66, 0x00,
    /*  945 U+28EF BRAILLE PATTERN DOTS-1234678 */
    0x00, 0x66, 0x66, 0x00, 0x00, 0x60, 0x60, 0x00, 0x00, 0x66, 0x66, 0x00, 0x00, 0x66, 0x66, 0x00,
    /*  946 U+28F0 BRAILLE PATTERN DOTS-5678 */
    0x00, 0x00, 0x00, 0x00, 0x00, 0x06, 0x06, 0x00, 0x00, 0x06, 0x06, 0x00, 0x00, 0x66, 0x66, 0x00,
    /*  947 U+28F1 BRAILLE PATTERN DOTS-15678 */
    0x00, 0x60, 0x60, 0x00, 0x00, 0x06, 0x06, 0x00, 0x00, 0x06, 0x06, 0x00, 0x00, 0x66, 0x66, 0x00,
    /*  948 U+28F2 BRAILLE PATTERN DOTS-25678 */
    0x00, 0x00, 0x00, 0x00, 0x00, 0x66, 0x66, 0x00, 0x00, 0x06, 0x06, 0x00, 0x00, 0x66, 0x66, 0x00,
    /*  949 U+28F3 BRAILLE PATTERN DOTS-125678 */
    0x00, 0x60, 0x60, 0x00, 0x00, 0x66, 0x66, 0x00, 0x00, 0x06, 0x06, 0x00, 0x00, 0x66, 0x66, 0x00,
    /*  950 U+28F4 BRAILLE PATTERN DOTS-35678 */
    0x00, 0x00, 0x00, 0x00, 0x00, 0x06, 0x06, 0x00, 0x00, 0x66, 0x66, 0x00, 0x00, 0x66, 0x66, 0x00,
    /*  951 U+28F5 BRAILLE PATTERN DOTS-135678 */
    0x00, 0x60, 0x60, 0x00, 0x00, 0x06, 0x06, 0x00, 0x00, 0x66, 0x66, 0x00, 0x00, 0x66, 0x66, 0x00,
    /*  952 U+28F6 BRAILLE PATTERN DOTS-235678 */
    0x00, 0x00, 0x00, 0x00, 0x00, 0x66, 0x66, 0x00, 0x00, 0x66, 0x66, 0x00, 0x00, 0x66, 0x66, 0x00,
    /*  953 U+28F7 BRAILLE PATTERN DOTS-1235678 */
    0x00, 0x60, 0x60, 0x00, 0x00, 0x66, 0x66, 0x00, 0x00, 0x66, 0x66, 0x00, 0x00, 0x66, 0x66, 0x00,
    /*  954 U+28F8 BRAILLE PATTERN DOTS-45678 */
    0x00, 0x06, 0x06, 0x00, 0x00, 0x06, 0x06, 0x00, 0x00, 0x06, 0x06, 0x00, 0x00, 0x66, 0x66, 0x00,
    /*  955 U+28F9 BRAILLE PATTERN DOTS-145678 */
    0x00, 0x66, 0x66, 0x00, 0x00, 0x06, 0x06, 0x00, 0x00, 0x06, 0x06, 0x00, 0x00, 0x66, 0x66, 0x00,
    /*  956 U+28FA BRAILLE PATTERN DOTS-245678 */
    0x00, 0x06, 0x06, 0x00, 0x00, 0x66, 0x66, 0x00, 0x00, 0x06, 0x06, 0x00, 0x00, 0x66, 0x66, 0x00,
    /*  957 U+28FB BRAILLE PATTERN DOTS-1245678 */
    0x00, 0x66, 0x66, 0x00, 0x00, 0x66, 0x66, 0x00, 0x00, 0x06, 0x06, 0x00, 0x00, 0x66, 0x66, 0x00,
    /*  958 U+28FC BRAILLE PATTERN DOTS-345678 */
    0x00, 0x06, 0x06, 0x00, 0x00, 0x06, 0x06, 0x00, 0x00, 0x66, 0x66, 0x00, 0x00, 0x66, 0x66, 0x00,
    /*  959 U+28FD BRAILLE PATTERN DOTS-1345678 */
    0x00, 0x66, 0x66, 0x00, 0x00, 0x06, 0x06, 0x00, 0x00, 0x66, 0x66, 0x00, 0x00, 0x66, 0x66, 0x00,
    /*  960 U+28FE BRAILLE PATTERN DOTS-2345678 */
    0x00, 0x06, 0x06, 0x00, 0x00, 0x66, 0x66, 0x00, 0x00, 0x66, 0x66, 0x00, 0x00, 0x66, 0x66, 0x00,
    /*  961 U+28FF BRAILLE PATTERN DOTS-12345678 */
    0x00, 0x66, 0x66, 0x00, 0x00, 0x66, 0x66, 0x00, 0x00, 0x66, 0x66, 0x00, 0x00, 0x66, 0x66, 0x00,
    /*  962 U+2B06 UPWARDS BLACK ARROW */
    0x00, 0x00, 0x18, 0x3C, 0x7E, 0xFF, 0x3C, 0x3C, 0x3C, 0x3C, 0x3C, 0x3C, 0x00, 0x00, 0x00, 0x00,
    /*  963 U+2B07 DOWNWARDS BLACK ARROW */
    0x00, 0x00, 0x3C, 0x3C, 0x3C, 0x3C, 0x3C, 0x3C, 0xFF, 0x7E, 0x3C, 0x18, 0x00, 0x00, 0x00, 0x00,
    /*  964 U+2B60 LEFTWARDS TRIANGLE-HEADED ARROW */
    0x00, 0x00, 0x00, 0x00, 0x00, 0x20, 0x60, 0xFE, 0x60, 0x20, 0x00, 0x00, 0x00, 0x00, 0x00, 0x00,
    /*  965 U+2B61 UPWARDS TRIANGLE-HEADED ARROW */
    0x00, 0x00, 0x18, 0x3C, 0x7E, 0x18, 0x18, 0x18, 0x18, 0x18, 0x18, 0x18, 0x00, 0x00, 0x00, 0x00,
    /*  966 U+2B62 RIGHTWARDS TRIANGLE-HEADED ARROW */
    0x00, 0x00, 0x00, 0x00, 0x00, 0x08, 0x0C, 0xFE, 0x0C, 0x08, 0x00, 0x00, 0x00, 0x00, 0x00, 0x00,
    /*  967 U+2B63 DOWNWARDS TRIANGLE-HEADED ARROW */
    0x00, 0x00, 0x18, 0x18, 0x18, 0x18, 0x18, 0x18, 0x18, 0x7E, 0x3C, 0x18, 0x00, 0x00, 0x00, 0x00,
    /*  968 U+2B64 LEFT RIGHT TRIANGLE-HEADED ARROW */
    0x00, 0x00, 0x00, 0x00, 0x00, 0x28, 0x6C, 0xFE, 0x6C, 0x28, 0x00, 0x00, 0x00, 0x00, 0x00, 0x00,
    /*  969 U+2B65 UP DOWN TRIANGLE-HEADED ARROW */
    0x00, 0x00, 0x18, 0x3C, 0x7E, 0x18, 0x18, 0x18, 0x18, 0x7E, 0x3C, 0x18, 0x00, 0x00, 0x00, 0x00,
    /*  970 U+E0A0 char57504 */
    0x00, 0x00, 0xC0, 0xCC, 0xDE, 0xCC, 0xCC, 0xCC, 0x98, 0x30, 0x60, 0xC0, 0xC0, 0xC0, 0x00, 0x00,
    /*  971 U+E0A1 char57505 */
    0x00, 0x40, 0x40, 0x40, 0x40, 0x40, 0x38, 0x00, 0x12, 0x1A, 0x1A, 0x16, 0x16, 0x12, 0x00, 0x00,
    /*  972 U+E0A2 char57506 */
    0x00, 0x00, 0x18, 0x24, 0x24, 0x24, 0x7E, 0x7E, 0x66, 0x66, 0x7E, 0x7E, 0x00, 0x00, 0x00, 0x00,
    /*  973 U+E0B0 char57520 */
    0x80, 0xC0, 0xE0, 0xF0, 0xF8, 0xFC, 0xFE, 0xFF, 0xFF, 0xFE, 0xFC, 0xF8, 0xF0, 0xE0, 0xC0, 0x80,
    /*  974 U+E0B1 char57521 */
    0x80, 0xC0, 0x60, 0x30, 0x18, 0x0C, 0x06, 0x03, 0x03, 0x06, 0x0C, 0x18, 0x30, 0x60, 0xC0, 0x80,
    /*  975 U+E0B2 char57522 */
    0x01, 0x03, 0x07, 0x0F, 0x1F, 0x3F, 0x7F, 0xFF, 0xFF, 0x7F, 0x3F, 0x1F, 0x0F, 0x07, 0x03, 0x01,
    /*  976 U+E0B3 char57523 */
    0x01, 0x03, 0x06, 0x0C, 0x18, 0x30, 0x60, 0xC0, 0xC0, 0x60, 0x30, 0x18, 0x0C, 0x06, 0x03, 0x01,
};

static const font_range_t spleen_ranges[] = {
    { 0x0020, 0x007F,    1 },
    { 0x00A0, 0x017F,   97 },
    { 0x0192, 0x0192,  321 },
    { 0x01CD, 0x01D4,  322 },
    { 0x01E2, 0x01E3,  330 },
    { 0x01E6, 0x01ED,  332 },
    { 0x01F0, 0x01F0,  340 },
    { 0x01F4, 0x01F5,  341 },
    { 0x01FC, 0x0217,  343 },
    { 0x021E, 0x021F,  371 },
    { 0x0226, 0x0229,  373 },
    { 0x022E, 0x022F,  377 },
    { 0x02D8, 0x02D9,  379 },
    { 0x02DB, 0x02DD,  381 },
    { 0x0306, 0x0306,  384 },
    { 0x0308, 0x0308,  385 },
    { 0x0393, 0x0393,  386 },
    { 0x0398, 0x0398,  387 },
    { 0x03A3, 0x03A3,  388 },
    { 0x03A6, 0x03A6,  389 },
    { 0x03A9, 0x03A9,  390 },
    { 0x03B1, 0x03B1,  391 },
    { 0x03B4, 0x03B5,  392 },
    { 0x03C0, 0x03C0,  394 },
    { 0x03C3, 0x03C4,  395 },
    { 0x03C6, 0x03C6,  397 },
    { 0x0401, 0x0401,  398 },
    { 0x0406, 0x0407,  399 },
    { 0x040E, 0x040E,  401 },
    { 0x0410, 0x044F,  402 },
    { 0x0451, 0x0451,  466 },
    { 0x0456, 0x0457,  467 },
    { 0x045E, 0x045E,  469 },
    { 0x0490, 0x0491,  470 },
    { 0x2013, 0x2014,  472 },
    { 0x2016, 0x2016,  474 },
    { 0x2018, 0x2019,  475 },
    { 0x201C, 0x201D,  477 },
    { 0x2022, 0x2022,  479 },
    { 0x2026, 0x2026,  480 },
    { 0x2039, 0x203A,  481 },
    { 0x203C, 0x203C,  483 },
    { 0x207F, 0x207F,  484 },
    { 0x20A7, 0x20A7,  485 },
    { 0x20AC, 0x20AC,  486 },
    { 0x2190, 0x2195,  487 },
    { 0x21A8, 0x21A8,  493 },
    { 0x2219, 0x221A,  494 },
    { 0x221E, 0x221F,  496 },
    { 0x2229, 0x222A,  498 },
    { 0x2248, 0x2248,  500 },
    { 0x2261, 0x2261,  501 },
    { 0x2264, 0x2265,  502 },
    { 0x2302, 0x2302,  504 },
    { 0x2310, 0x2310,  505 },
    { 0x2319, 0x2319,  506 },
    { 0x2320, 0x2321,  507 },
    { 0x2500, 0x25A0,  509 },
    { 0x25AC, 0x25AC,  670 },
    { 0x25B2, 0x25B2,  671 },
    { 0x25BA, 0x25BA,  672 },
    { 0x25BC, 0x25BC,  673 },
    { 0x25C4, 0x25C4,  674 },
    { 0x25C6, 0x25C6,  675 },
    { 0x25CA, 0x25CB,  676 },
    { 0x25CF, 0x25CF,  678 },
    { 0x25D8, 0x25D9,  679 },
    { 0x25E2, 0x25E5,  681 },
    { 0x2630, 0x2637,  685 },
    { 0x263A, 0x263C,  693 },
    { 0x2640, 0x2640,  696 },
    { 0x2642, 0x2642,  697 },
    { 0x2660, 0x2660,  698 },
    { 0x2663, 0x2663,  699 },
    { 0x2665, 0x2666,  700 },
    { 0x266A, 0x266B,  702 },
    { 0x2713, 0x2713,  704 },
    { 0x2717, 0x2717,  705 },
    { 0x2800, 0x28FF,  706 },
    { 0x2B06, 0x2B07,  962 },
    { 0x2B60, 0x2B65,  964 },
    { 0xE0A0, 0xE0A2,  970 },
    { 0xE0B0, 0xE0B3,  973 },
    { 0xFFFD, 0xFFFD,    0 },
};

const font_t font_8x16 = {
    .width      = 8,
    .height     = 16,
    .stride     = 1,
    .nglyphs    = 977,
    .bits       = spleen_bits,
    .ranges     = spleen_ranges,
    .nranges    = 84,
    .name       = "Spleen 8x16 (BSD-2-Clause) + fable-os additions",
};

/* --- the console's 256-slot code page --- */

const uint16_t console_page_glyph[256] = {
       1,  473,  472,  475,  476,  477,  478,  479,
     679,  677,  680,  480,  704,  702,  705,  695,
     672,  674,  492,  483,  119,  104,  670,  493,
     488,  490,  489,  487,  497,  491,  671,  673,
       1,    2,    3,    4,    5,    6,    7,    8,
       9,   10,   11,   12,   13,   14,   15,   16,
      17,   18,   19,   20,   21,   22,   23,   24,
      25,   26,   27,   28,   29,   30,   31,   32,
      33,   34,   35,   36,   37,   38,   39,   40,
      41,   42,   43,   44,   45,   46,   47,   48,
      49,   50,   51,   52,   53,   54,   55,   56,
      57,   58,   59,   60,   61,   62,   63,   64,
      65,   66,   67,   68,   69,   70,   71,   72,
      73,   74,   75,   76,   77,   78,   79,   80,
      81,   82,   83,   84,   85,   86,   87,   88,
      89,   90,   91,   92,   93,   94,   95,    0,
     136,  189,  170,  163,  165,  161,  166,  168,
     171,  172,  169,  176,  175,  173,  133,  134,
     138,  167,  135,  181,  183,  179,  188,  186,
     192,  151,  157,   99,  100,  102,  485,  321,
     162,  174,  180,  187,  178,  146,  107,  123,
     128,  505,  109,  126,  125,   98,  108,  124,
     654,  655,  656,  511,  545,  606,  607,  595,
     594,  608,  590,  596,  602,  601,  600,  525,
     529,  561,  553,  537,  509,  569,  603,  604,
     599,  593,  614,  611,  605,  589,  617,  612,
     613,  609,  610,  598,  597,  591,  592,  616,
     615,  533,  521,  645,  641,  649,  653,  637,
     391,  160,  386,  394,  388,  395,  118,  396,
     389,  387,  390,  392,  496,  397,  393,  498,
     501,  114,  503,  502,  507,  508,  184,  500,
     113,  494,  120,  495,  484,  115,  669,   97,
};

const uint32_t console_page_codepoint[256] = {
    0x0020, 0x2014, 0x2013, 0x2018, 0x2019, 0x201C, 0x201D, 0x2022,
    0x25D8, 0x25CB, 0x25D9, 0x2026, 0x2713, 0x266A, 0x2717, 0x263C,
    0x25BA, 0x25C4, 0x2195, 0x203C, 0x00B6, 0x00A7, 0x25AC, 0x21A8,
    0x2191, 0x2193, 0x2192, 0x2190, 0x221F, 0x2194, 0x25B2, 0x25BC,
    0x0020, 0x0021, 0x0022, 0x0023, 0x0024, 0x0025, 0x0026, 0x0027,
    0x0028, 0x0029, 0x002A, 0x002B, 0x002C, 0x002D, 0x002E, 0x002F,
    0x0030, 0x0031, 0x0032, 0x0033, 0x0034, 0x0035, 0x0036, 0x0037,
    0x0038, 0x0039, 0x003A, 0x003B, 0x003C, 0x003D, 0x003E, 0x003F,
    0x0040, 0x0041, 0x0042, 0x0043, 0x0044, 0x0045, 0x0046, 0x0047,
    0x0048, 0x0049, 0x004A, 0x004B, 0x004C, 0x004D, 0x004E, 0x004F,
    0x0050, 0x0051, 0x0052, 0x0053, 0x0054, 0x0055, 0x0056, 0x0057,
    0x0058, 0x0059, 0x005A, 0x005B, 0x005C, 0x005D, 0x005E, 0x005F,
    0x0060, 0x0061, 0x0062, 0x0063, 0x0064, 0x0065, 0x0066, 0x0067,
    0x0068, 0x0069, 0x006A, 0x006B, 0x006C, 0x006D, 0x006E, 0x006F,
    0x0070, 0x0071, 0x0072, 0x0073, 0x0074, 0x0075, 0x0076, 0x0077,
    0x0078, 0x0079, 0x007A, 0x007B, 0x007C, 0x007D, 0x007E, 0xFFFD,
    0x00C7, 0x00FC, 0x00E9, 0x00E2, 0x00E4, 0x00E0, 0x00E5, 0x00E7,
    0x00EA, 0x00EB, 0x00E8, 0x00EF, 0x00EE, 0x00EC, 0x00C4, 0x00C5,
    0x00C9, 0x00E6, 0x00C6, 0x00F4, 0x00F6, 0x00F2, 0x00FB, 0x00F9,
    0x00FF, 0x00D6, 0x00DC, 0x00A2, 0x00A3, 0x00A5, 0x20A7, 0x0192,
    0x00E1, 0x00ED, 0x00F3, 0x00FA, 0x00F1, 0x00D1, 0x00AA, 0x00BA,
    0x00BF, 0x2310, 0x00AC, 0x00BD, 0x00BC, 0x00A1, 0x00AB, 0x00BB,
    0x2591, 0x2592, 0x2593, 0x2502, 0x2524, 0x2561, 0x2562, 0x2556,
    0x2555, 0x2563, 0x2551, 0x2557, 0x255D, 0x255C, 0x255B, 0x2510,
    0x2514, 0x2534, 0x252C, 0x251C, 0x2500, 0x253C, 0x255E, 0x255F,
    0x255A, 0x2554, 0x2569, 0x2566, 0x2560, 0x2550, 0x256C, 0x2567,
    0x2568, 0x2564, 0x2565, 0x2559, 0x2558, 0x2552, 0x2553, 0x256B,
    0x256A, 0x2518, 0x250C, 0x2588, 0x2584, 0x258C, 0x2590, 0x2580,
    0x03B1, 0x00DF, 0x0393, 0x03C0, 0x03A3, 0x03C3, 0x00B5, 0x03C4,
    0x03A6, 0x0398, 0x03A9, 0x03B4, 0x221E, 0x03C6, 0x03B5, 0x2229,
    0x2261, 0x00B1, 0x2265, 0x2264, 0x2320, 0x2321, 0x00F7, 0x2248,
    0x00B0, 0x2219, 0x00B7, 0x221A, 0x207F, 0x00B2, 0x25A0, 0x00A0,
};

static const font_pageslot_t page_by_codepoint[] = {
    { 0x00020, 0x20 },
    { 0x00021, 0x21 },
    { 0x00022, 0x22 },
    { 0x00023, 0x23 },
    { 0x00024, 0x24 },
    { 0x00025, 0x25 },
    { 0x00026, 0x26 },
    { 0x00027, 0x27 },
    { 0x00028, 0x28 },
    { 0x00029, 0x29 },
    { 0x0002A, 0x2A },
    { 0x0002B, 0x2B },
    { 0x0002C, 0x2C },
    { 0x0002D, 0x2D },
    { 0x0002E, 0x2E },
    { 0x0002F, 0x2F },
    { 0x00030, 0x30 },
    { 0x00031, 0x31 },
    { 0x00032, 0x32 },
    { 0x00033, 0x33 },
    { 0x00034, 0x34 },
    { 0x00035, 0x35 },
    { 0x00036, 0x36 },
    { 0x00037, 0x37 },
    { 0x00038, 0x38 },
    { 0x00039, 0x39 },
    { 0x0003A, 0x3A },
    { 0x0003B, 0x3B },
    { 0x0003C, 0x3C },
    { 0x0003D, 0x3D },
    { 0x0003E, 0x3E },
    { 0x0003F, 0x3F },
    { 0x00040, 0x40 },
    { 0x00041, 0x41 },
    { 0x00042, 0x42 },
    { 0x00043, 0x43 },
    { 0x00044, 0x44 },
    { 0x00045, 0x45 },
    { 0x00046, 0x46 },
    { 0x00047, 0x47 },
    { 0x00048, 0x48 },
    { 0x00049, 0x49 },
    { 0x0004A, 0x4A },
    { 0x0004B, 0x4B },
    { 0x0004C, 0x4C },
    { 0x0004D, 0x4D },
    { 0x0004E, 0x4E },
    { 0x0004F, 0x4F },
    { 0x00050, 0x50 },
    { 0x00051, 0x51 },
    { 0x00052, 0x52 },
    { 0x00053, 0x53 },
    { 0x00054, 0x54 },
    { 0x00055, 0x55 },
    { 0x00056, 0x56 },
    { 0x00057, 0x57 },
    { 0x00058, 0x58 },
    { 0x00059, 0x59 },
    { 0x0005A, 0x5A },
    { 0x0005B, 0x5B },
    { 0x0005C, 0x5C },
    { 0x0005D, 0x5D },
    { 0x0005E, 0x5E },
    { 0x0005F, 0x5F },
    { 0x00060, 0x60 },
    { 0x00061, 0x61 },
    { 0x00062, 0x62 },
    { 0x00063, 0x63 },
    { 0x00064, 0x64 },
    { 0x00065, 0x65 },
    { 0x00066, 0x66 },
    { 0x00067, 0x67 },
    { 0x00068, 0x68 },
    { 0x00069, 0x69 },
    { 0x0006A, 0x6A },
    { 0x0006B, 0x6B },
    { 0x0006C, 0x6C },
    { 0x0006D, 0x6D },
    { 0x0006E, 0x6E },
    { 0x0006F, 0x6F },
    { 0x00070, 0x70 },
    { 0x00071, 0x71 },
    { 0x00072, 0x72 },
    { 0x00073, 0x73 },
    { 0x00074, 0x74 },
    { 0x00075, 0x75 },
    { 0x00076, 0x76 },
    { 0x00077, 0x77 },
    { 0x00078, 0x78 },
    { 0x00079, 0x79 },
    { 0x0007A, 0x7A },
    { 0x0007B, 0x7B },
    { 0x0007C, 0x7C },
    { 0x0007D, 0x7D },
    { 0x0007E, 0x7E },
    { 0x000A0, 0xFF },
    { 0x000A1, 0xAD },
    { 0x000A2, 0x9B },
    { 0x000A3, 0x9C },
    { 0x000A5, 0x9D },
    { 0x000A7, 0x15 },
    { 0x000AA, 0xA6 },
    { 0x000AB, 0xAE },
    { 0x000AC, 0xAA },
    { 0x000AD, 0x2D },
    { 0x000B0, 0xF8 },
    { 0x000B1, 0xF1 },
    { 0x000B2, 0xFD },
    { 0x000B4, 0x27 },
    { 0x000B5, 0xE6 },
    { 0x000B6, 0x14 },
    { 0x000B7, 0xFA },
    { 0x000BA, 0xA7 },
    { 0x000BB, 0xAF },
    { 0x000BC, 0xAC },
    { 0x000BD, 0xAB },
    { 0x000BF, 0xA8 },
    { 0x000C4, 0x8E },
    { 0x000C5, 0x8F },
    { 0x000C6, 0x92 },
    { 0x000C7, 0x80 },
    { 0x000C9, 0x90 },
    { 0x000D1, 0xA5 },
    { 0x000D6, 0x99 },
    { 0x000D7, 0x78 },
    { 0x000DC, 0x9A },
    { 0x000DF, 0xE1 },
    { 0x000E0, 0x85 },
    { 0x000E1, 0xA0 },
    { 0x000E2, 0x83 },
    { 0x000E4, 0x84 },
    { 0x000E5, 0x86 },
    { 0x000E6, 0x91 },
    { 0x000E7, 0x87 },
    { 0x000E8, 0x8A },
    { 0x000E9, 0x82 },
    { 0x000EA, 0x88 },
    { 0x000EB, 0x89 },
    { 0x000EC, 0x8D },
    { 0x000ED, 0xA1 },
    { 0x000EE, 0x8C },
    { 0x000EF, 0x8B },
    { 0x000F1, 0xA4 },
    { 0x000F2, 0x95 },
    { 0x000F3, 0xA2 },
    { 0x000F4, 0x93 },
    { 0x000F6, 0x94 },
    { 0x000F7, 0xF6 },
    { 0x000F9, 0x97 },
    { 0x000FA, 0xA3 },
    { 0x000FB, 0x96 },
    { 0x000FC, 0x81 },
    { 0x000FF, 0x98 },
    { 0x00192, 0x9F },
    { 0x002B9, 0x27 },
    { 0x002BC, 0x27 },
    { 0x002C8, 0x27 },
    { 0x002DC, 0x7E },
    { 0x00393, 0xE2 },
    { 0x00398, 0xE9 },
    { 0x003A3, 0xE4 },
    { 0x003A6, 0xE8 },
    { 0x003A9, 0xEA },
    { 0x003B1, 0xE0 },
    { 0x003B4, 0xEB },
    { 0x003B5, 0xEE },
    { 0x003C0, 0xE3 },
    { 0x003C3, 0xE5 },
    { 0x003C4, 0xE7 },
    { 0x003C6, 0xED },
    { 0x01680, 0x20 },
    { 0x02000, 0x20 },
    { 0x02001, 0x20 },
    { 0x02002, 0x20 },
    { 0x02003, 0x20 },
    { 0x02004, 0x20 },
    { 0x02005, 0x20 },
    { 0x02006, 0x20 },
    { 0x02007, 0x20 },
    { 0x02008, 0x20 },
    { 0x02009, 0x20 },
    { 0x0200A, 0x20 },
    { 0x0200B, 0x20 },
    { 0x0200C, 0x20 },
    { 0x0200D, 0x20 },
    { 0x02010, 0x2D },
    { 0x02011, 0x2D },
    { 0x02012, 0x2D },
    { 0x02013, 0x02 },
    { 0x02014, 0x01 },
    { 0x02015, 0x2D },
    { 0x02018, 0x03 },
    { 0x02019, 0x04 },
    { 0x0201A, 0x27 },
    { 0x0201B, 0x27 },
    { 0x0201C, 0x05 },
    { 0x0201D, 0x06 },
    { 0x0201E, 0x22 },
    { 0x0201F, 0x22 },
    { 0x02022, 0x07 },
    { 0x02023, 0x07 },
    { 0x02026, 0x0B },
    { 0x0202F, 0x20 },
    { 0x02032, 0x27 },
    { 0x02033, 0x22 },
    { 0x02035, 0x27 },
    { 0x02036, 0x22 },
    { 0x02039, 0x3C },
    { 0x0203A, 0x3E },
    { 0x0203C, 0x13 },
    { 0x0203D, 0x21 },
    { 0x02043, 0x2D },
    { 0x02044, 0x2F },
    { 0x0205F, 0x20 },
    { 0x02060, 0x20 },
    { 0x0207F, 0xFC },
    { 0x020A7, 0x9E },
    { 0x02190, 0x1B },
    { 0x02191, 0x18 },
    { 0x02192, 0x1A },
    { 0x02193, 0x19 },
    { 0x02194, 0x1D },
    { 0x02195, 0x12 },
    { 0x021A8, 0x17 },
    { 0x021D0, 0x1B },
    { 0x021D1, 0x18 },
    { 0x021D2, 0x1A },
    { 0x021D3, 0x19 },
    { 0x021D4, 0x1D },
    { 0x021D5, 0x12 },
    { 0x021FE, 0x1A },
    { 0x02212, 0x2D },
    { 0x02215, 0x2F },
    { 0x02219, 0xF9 },
    { 0x0221A, 0xFB },
    { 0x0221E, 0xEC },
    { 0x0221F, 0x1C },
    { 0x02229, 0xEF },
    { 0x02236, 0x3A },
    { 0x0223C, 0x7E },
    { 0x02248, 0xF7 },
    { 0x02261, 0xF0 },
    { 0x02264, 0xF3 },
    { 0x02265, 0xF2 },
    { 0x02310, 0xA9 },
    { 0x02320, 0xF4 },
    { 0x02321, 0xF5 },
    { 0x02500, 0xC4 },
    { 0x02501, 0xC4 },
    { 0x02502, 0xB3 },
    { 0x02503, 0xB3 },
    { 0x02504, 0xC4 },
    { 0x02505, 0xC4 },
    { 0x02506, 0xB3 },
    { 0x02507, 0xB3 },
    { 0x02508, 0xC4 },
    { 0x02509, 0xC4 },
    { 0x0250A, 0xB3 },
    { 0x0250B, 0xB3 },
    { 0x0250C, 0xDA },
    { 0x0250D, 0xDA },
    { 0x0250E, 0xDA },
    { 0x0250F, 0xDA },
    { 0x02510, 0xBF },
    { 0x02511, 0xBF },
    { 0x02512, 0xBF },
    { 0x02513, 0xBF },
    { 0x02514, 0xC0 },
    { 0x02515, 0xC0 },
    { 0x02516, 0xC0 },
    { 0x02517, 0xC0 },
    { 0x02518, 0xD9 },
    { 0x02519, 0xD9 },
    { 0x0251A, 0xD9 },
    { 0x0251B, 0xD9 },
    { 0x0251C, 0xC3 },
    { 0x0251D, 0xC3 },
    { 0x0251E, 0xC3 },
    { 0x0251F, 0xC3 },
    { 0x02520, 0xC3 },
    { 0x02521, 0xC3 },
    { 0x02522, 0xC3 },
    { 0x02523, 0xC3 },
    { 0x02524, 0xB4 },
    { 0x02525, 0xB4 },
    { 0x02526, 0xB4 },
    { 0x02527, 0xB4 },
    { 0x02528, 0xB4 },
    { 0x02529, 0xB4 },
    { 0x0252A, 0xB4 },
    { 0x0252B, 0xB4 },
    { 0x0252C, 0xC2 },
    { 0x0252D, 0xC2 },
    { 0x0252E, 0xC2 },
    { 0x0252F, 0xC2 },
    { 0x02530, 0xC2 },
    { 0x02531, 0xC2 },
    { 0x02532, 0xC2 },
    { 0x02533, 0xC2 },
    { 0x02534, 0xC1 },
    { 0x02535, 0xC1 },
    { 0x02536, 0xC1 },
    { 0x02537, 0xC1 },
    { 0x02538, 0xC1 },
    { 0x02539, 0xC1 },
    { 0x0253A, 0xC1 },
    { 0x0253B, 0xC1 },
    { 0x0253C, 0xC5 },
    { 0x0253D, 0xC5 },
    { 0x0253E, 0xC5 },
    { 0x0253F, 0xC5 },
    { 0x02540, 0xC5 },
    { 0x02541, 0xC5 },
    { 0x02542, 0xC5 },
    { 0x02543, 0xC5 },
    { 0x02544, 0xC5 },
    { 0x02545, 0xC5 },
    { 0x02546, 0xC5 },
    { 0x02547, 0xC5 },
    { 0x02548, 0xC5 },
    { 0x02549, 0xC5 },
    { 0x0254A, 0xC5 },
    { 0x0254B, 0xC5 },
    { 0x0254C, 0xC4 },
    { 0x0254D, 0xC4 },
    { 0x0254E, 0xB3 },
    { 0x0254F, 0xB3 },
    { 0x02550, 0xCD },
    { 0x02551, 0xBA },
    { 0x02552, 0xD5 },
    { 0x02553, 0xD6 },
    { 0x02554, 0xC9 },
    { 0x02555, 0xB8 },
    { 0x02556, 0xB7 },
    { 0x02557, 0xBB },
    { 0x02558, 0xD4 },
    { 0x02559, 0xD3 },
    { 0x0255A, 0xC8 },
    { 0x0255B, 0xBE },
    { 0x0255C, 0xBD },
    { 0x0255D, 0xBC },
    { 0x0255E, 0xC6 },
    { 0x0255F, 0xC7 },
    { 0x02560, 0xCC },
    { 0x02561, 0xB5 },
    { 0x02562, 0xB6 },
    { 0x02563, 0xB9 },
    { 0x02564, 0xD1 },
    { 0x02565, 0xD2 },
    { 0x02566, 0xCB },
    { 0x02567, 0xCF },
    { 0x02568, 0xD0 },
    { 0x02569, 0xCA },
    { 0x0256A, 0xD8 },
    { 0x0256B, 0xD7 },
    { 0x0256C, 0xCE },
    { 0x0256D, 0xDA },
    { 0x0256E, 0xBF },
    { 0x0256F, 0xD9 },
    { 0x02570, 0xC0 },
    { 0x0257C, 0xC4 },
    { 0x0257D, 0xB3 },
    { 0x0257E, 0xC4 },
    { 0x0257F, 0xB3 },
    { 0x02580, 0xDF },
    { 0x02581, 0xDC },
    { 0x02582, 0xDC },
    { 0x02583, 0xDC },
    { 0x02584, 0xDC },
    { 0x02585, 0xDC },
    { 0x02586, 0xDC },
    { 0x02587, 0xDC },
    { 0x02588, 0xDB },
    { 0x02589, 0xDB },
    { 0x0258A, 0xDB },
    { 0x0258B, 0xDB },
    { 0x0258C, 0xDD },
    { 0x0258D, 0xDD },
    { 0x0258E, 0xDD },
    { 0x0258F, 0xDD },
    { 0x02590, 0xDE },
    { 0x02591, 0xB0 },
    { 0x02592, 0xB1 },
    { 0x02593, 0xB2 },
    { 0x02594, 0xDF },
    { 0x02595, 0xDE },
    { 0x02596, 0xB1 },
    { 0x02597, 0xB1 },
    { 0x02598, 0xB1 },
    { 0x02599, 0xB1 },
    { 0x0259A, 0xB1 },
    { 0x0259B, 0xB1 },
    { 0x0259C, 0xB1 },
    { 0x0259D, 0xB1 },
    { 0x0259E, 0xB1 },
    { 0x0259F, 0xB1 },
    { 0x025A0, 0xFE },
    { 0x025A1, 0xFE },
    { 0x025AA, 0xFE },
    { 0x025AB, 0xFE },
    { 0x025AC, 0x16 },
    { 0x025B2, 0x1E },
    { 0x025BA, 0x10 },
    { 0x025BC, 0x1F },
    { 0x025C4, 0x11 },
    { 0x025CB, 0x09 },
    { 0x025CF, 0x07 },
    { 0x025D8, 0x08 },
    { 0x025D9, 0x0A },
    { 0x025E6, 0x07 },
    { 0x02605, 0x2A },
    { 0x02606, 0x2A },
    { 0x0263C, 0x0F },
    { 0x0266A, 0x0D },
    { 0x026AB, 0x07 },
    { 0x02705, 0x0C },
    { 0x02713, 0x0C },
    { 0x02714, 0x0C },
    { 0x02715, 0x78 },
    { 0x02716, 0x0E },
    { 0x02717, 0x0E },
    { 0x02718, 0x0E },
    { 0x0272A, 0x2A },
    { 0x0274C, 0x0E },
    { 0x02794, 0x1A },
    { 0x02796, 0x2D },
    { 0x0279C, 0x1A },
    { 0x027A1, 0x1A },
    { 0x027E8, 0x3C },
    { 0x027E9, 0x3E },
    { 0x027F0, 0x18 },
    { 0x027F1, 0x19 },
    { 0x027F5, 0x1B },
    { 0x027F6, 0x1A },
    { 0x027F7, 0x1D },
    { 0x02981, 0x07 },
    { 0x02A2F, 0x78 },
    { 0x02B05, 0x1B },
    { 0x02B06, 0x18 },
    { 0x02B07, 0x19 },
    { 0x02B1B, 0xFE },
    { 0x02B1C, 0xFE },
    { 0x02B50, 0x2A },
    { 0x02B60, 0x1B },
    { 0x02B61, 0x18 },
    { 0x02B62, 0x1A },
    { 0x02B63, 0x19 },
    { 0x02B64, 0x1D },
    { 0x02B65, 0x12 },
    { 0x02B70, 0x1B },
    { 0x02B95, 0x1A },
    { 0x03000, 0x20 },
    { 0x03008, 0x3C },
    { 0x03009, 0x3E },
    { 0x0FE58, 0x2D },
    { 0x0FE63, 0x2D },
    { 0x0FEFF, 0x20 },
    { 0x0FF07, 0x27 },
    { 0x0FF0D, 0x2D },
    { 0x0FF5E, 0x7E },
    { 0x0FFFD, 0x7F },
};

const font_page_t console_page = {
    .slot_glyph     = console_page_glyph,
    .slot_codepoint = console_page_codepoint,
    .by_codepoint   = page_by_codepoint,
    .n_by_codepoint = 461,
};
